Initials Entered,Date Entered,Call_Number,SiteCode,Date,Year,Cape,Type of Substrate,Zone,Transect#,Quadrat#,Total number urchins present,Count pitted urchins,Count crevice urchins,Count  open urchins,Count juvenile urchins,Pitted juvenile urchins,Count of Recruits,Red urchins present,Number of empty pits,Number of pits present,Urchin size 1,Urchin size 2,Urchin size 3,Urchin size 4,Urchin size 5,Attached red drift ,Attached brown drift ,Attached green drift ,Attached phyllospadix drift,Attached other drift,Algae holdfasts,Understory algae,Emphermal Greens ,Surfgrass rhizomes ,Coralline crusts,Red and Brown crusts,Sessile invertebrates  ,Sand,Bare rock,Total primary cover (must equal 100%),Egregia,Hedophyllum,Mastocarpus,Laminaria,Alaria,Mazzaella,Costaria,Phyllospadix (Surfgrass),Nereocystis,Pyropia,Lessoniopsis,Fucus,Diatom,Total Canopy
LU,6/18/24,SB_2024_AZ_1_1,SB,5/26/24,2024,CA,FB,AZ,1,1,10,10,0,0,0,,NA,,1,11,NA,NA,NA,NA,NA,NA,NA,NA,NA,NA,8,78,0,0,2,0,0,0,12,100,4,32,0,0,0,8,2,0,0,0,0,0,0,46
LU,6/18/24,SB_2024_AZ_1_2,SB,5/26/24,2024,CA,FB,AZ,1,2,28,28,0,0,1,,NA,,2,31,NA,NA,NA,NA,NA,NA,NA,NA,NA,NA,0.1,38,2,0,6,0,0,0,54,100,0,0,0,0,0,8,0,0,0,0,0,0,0,8
LU,6/18/24,SB_2024_AZ_1_3,SB,5/26/24,2024,CA,FB,AZ,1,3,0,0,0,0,0,,NA,,0,0,NA,NA,NA,NA,NA,NA,NA,NA,NA,NA,5,95,0,0,0,0,0,0,0,100,10,4,5,0,0,36,0,0,0,0,0,5,0,60
LU,6/18/24,SB_2024_AZ_1_4,SB,5/26/24,2024,CA,FB,AZ,1,4,0,0,0,0,0,,NA,,1,1,NA,NA,NA,NA,NA,NA,NA,NA,NA,NA,5,89,5,0,0,0,0.1,1,0,100,2,9,5,0,0,20,0,0,0,0,0,0,0,36
LU,6/18/24,SB_2024_AZ_1_5,SB,5/26/24,2024,CA,FB,AZ,1,5,0,0,0,0,0,,NA,,0,0,NA,NA,NA,NA,NA,NA,NA,NA,NA,NA,2,81,7,0,0,4,1,2,3,100,0,5,0,0,0,5,0,0,0,0,0,2,0,12
LU,6/18/24,SB_2024_AZ_2_1,SB,5/26/24,2024,CA,FB,AZ,2,1,1,1,0,0,0,,NA,,6,7,NA,NA,NA,NA,NA,NA,NA,NA,NA,NA,2,89,0,0,1,0,0,1,7,100,0,6,2,0,0,36,0,0,0,0,0,0,0,44
LU,6/18/24,SB_2024_AZ_2_2,SB,5/26/24,2024,CA,FB,AZ,2,2,25,25,0,0,0,,NA,,4,30,NA,NA,NA,NA,NA,NA,NA,NA,NA,NA,0,33,0,0,17,1,1,0,48,100,14,0,0,0,0,6,0,0,0,0,0,0,0,20
LU,6/18/24,SB_2024_AZ_2_3,SB,5/26/24,2024,CA,FB,AZ,2,3,11,11,0,0,0,,NA,,4,15,NA,NA,NA,NA,NA,NA,NA,NA,NA,NA,7,68,0,0,9,2,0,0,14,100,0,24,0,0,0,12,0,0,0,0,0,0,0,36
LU,6/18/24,SB_2024_AZ_2_4,SB,5/26/24,2024,CA,FB,AZ,2,4,15,15,0,0,0,,NA,,10,26,NA,NA,NA,NA,NA,NA,NA,NA,NA,NA,4,24,0,0,13,4,1,1,53,100,3,10,0.1,0,0,16,0,0,0,0,0,0,0,29.1
LU,6/18/24,SB_2024_AZ_2_5,SB,5/26/24,2024,CA,FB,AZ,2,5,10,10,0,0,0,,NA,,5,15,NA,NA,NA,NA,NA,NA,NA,NA,NA,NA,10,59,0,0,6,6,1,0,18,100,28,35,0,0,0,20,0,0,0,0,0,0,0,83
LU/DJC,6/25/24,SB_2024_UPZ_1_1,SB,5/26/24,2024,CA,VB,UPZ,1,1,25,25,0,0,2,,NA,,28,54,5.6,3.1,4.2,3.9,3.8,,,,,,0,32,0,0,6,0,1,20,41,100,0,0,5,0,0,0,0,0,0,0,0,0,0,5
LU/DJC,6/25/24,SB_2024_UPZ_1_2,SB,5/26/24,2024,CA,FB,UPZ,1,2,59,59,0,0,1,,NA,,5,64,3,3,4.2,3.7,5.3,,,,,,0,7,0.1,0,22,4,0,0,67,100,0,0,0,0,0,0.1,0,0,0,0,0,0,0,0.1
LU/DJC,6/25/24,SB_2024_UPZ_1_3,SB,5/26/24,2024,CA,VD,UPZ,1,3,48,48,0,0,2,,NA,,7,55,4.6,4.7,4,4.4,4.8,,,,,,0,3,0,0,12,0,0,1,84,100,0,0,0,0,0,0,0,0,0,0,0,0,0,0
LU/DJC,6/25/24,SB_2024_UPZ_1_4,SB,5/26/24,2024,CA,VD,UPZ,1,4,53,53,0,0,3,,NA,,12,67,3.6,4.3,4.6,3.4,4,,,,,,0,0,0,0,20,0,4,2,74,100,0,0,0,0,0,1,0,0,0,0,0,0,0,1
LU/DJC,6/25/24,SB_2024_UPZ_1_5,SB,5/26/24,2024,CA,VD,UPZ,1,5,62,62,0,0,1,,NA,,8,71,4,3.7,3.3,3.7,3.4,,,,,,1,8,0,0,20,0,1,1,69,100,0,4,0,0,0,1,0,0,0,0,0,0,0,5
LU/DJC,6/25/24,SB_2024_UPZ_2_1,SB,5/26/24,2024,CA,FB,UPZ,2,1,41,41,0,0,1,,NA,,6,52,5.1,4.2,3.8,4,4.2,,,,,,0,5,1,0,15,1,0,0,78,100,0,0,0,0,0,0,0,0,0,0,0,0,0,0
LU/DJC,6/25/24,SB_2024_UPZ_2_2,SB,5/26/24,2024,CA,FB,UPZ,2,2,46,46,0,0,0,,NA,,6,52,3.7,4,4.1,5.4,2.2,,,,,,0,5,1,0,15,1,0,0,78,100,0,1,0,2,0,3,1,0,0,0,0,0,0,7
LU/DJC,6/25/24,SB_2024_UPZ_2_3,SB,5/26/24,2024,CA,FB,UPZ,2,3,48,48,0,0,0,,NA,,7,55,4.2,4,4.4,4.1,3.8,,,,,,0.1,9,0.1,0,9,0,0,3,79,100,0,0,0,0,0,2,1,0,0,0,0,0,0,3
LU/DJC,6/25/24,SB_2024_UPZ_2_4,SB,5/26/24,2024,CA,FB,UPZ,2,4,53,53,0,0,1,,NA,,5,58,,,,,,,,,,,0,6,0,0,8,0,0,3,83,100,0,2,0,0,0,0,0,0,0,0,0,0,0,2
LU/DJC,6/25/24,SB_2024_UPZ_2_5,SB,5/26/24,2024,CA,FB,UPZ,2,5,45,45,0,0,1,,NA,,5,50,3.5,3.4,3.4,3.8,3.4,,,,,,1,10,0,0,10,0,1,0.1,79,100,0,4,2,0,0,0,0,0,0,0,0,0,0,6
LU/DJC,6/25/24,SB_2024_NPZ_1_1,SB,5/26/24,2024,CA,FB,NPZ,1,1,44,43,0,1,4,,NA,,1,45,6.2,5.9,,,,,,,,,0,2,0,0,8,0,0,7,83,100,0,0,0,0,0,0,0,0,0,0,0,0,0,0
LU/DJC,6/25/24,SB_2024_NPZ_1_2,SB,5/26/24,2024,CA,FB,NPZ,1,2,36,26,2,8,2,,NA,,3,31,5.9,5.4,7.1,5.4,2.7,,,,,,0,2,0,0,12,2,1,0,83,100,0,0,0,0,0,0,1,0,0,0,0,0,0,1
LU/DJC,6/25/24,SB_2024_NPZ_1_3,SB,5/26/24,2024,CA,FB,NPZ,1,3,35,29,4,2,0,,NA,,1,30,4.2,5.6,4.6,5.7,5.5,,,,,,0,10,0,0,32,5,1,0,52,100,20,0,0,20,0,0,0,0,0,0,0,0,0,40
LU/DJC,6/25/24,SB_2024_NPZ_1_4,SB,5/26/24,2024,CA,FB,NPZ,1,4,2,2,0,0,0,,NA,,0,2,1.9,2.8,4,3.8,3.3,,,,,,4,35,3,0,3,0,0,0,59,100,3,10,0,14,0,0,14,0,5,0,0,0,0,46
LU/DJC,6/25/24,SB_2024_NPZ_1_5,SB,5/26/24,2024,CA,FB,NPZ,1,5,23,23,0,0,0,,NA,,5,28,4.6,5.4,3.8,4.1,3.6,,,,,,0.1,23,0,0,11,0,0,1,65,100,11,0,0,9,0,1,6,0,0,0,0,0,0,27
LU/DJC,6/25/24,SB_2024_NPZ_2_1,SB,5/26/24,2024,CA,VD,NPZ,2,1,29,20,8,1,0,,NA,,0,27,4.2,5.3,4.2,4.5,3.5,,,,,,1,40,0,0,8,4,4,0,44,100,0,0,0,0,0,20,0.1,0,0,0,0,0,0,20.1
LU/DJC,6/25/24,SB_2024_NPZ_2_2,SB,5/26/24,2024,CA,VD,NPZ,2,2,53,48,5,0,0,,NA,,2,50,3.2,3.3,4.3,3.5,5.2,,,,,,0,15,0,0,14,1,0,0,70,100,0,0,0,0,0,0,0.1,0,0,0,0,0,0,0.1
LU/DJC,6/25/24,SB_2024_NPZ_2_3,SB,5/26/24,2024,CA,VD,NPZ,2,3,28,21,6,1,3,,NA,,3,24,3,4,4.6,3.6,4.4,,,,,,1,25,0,0,24,6,0,9,36,100,0,0,0,0,0,0.1,6,0,0,0,0,0,0,6.1
LU/DJC,6/25/24,SB_2024_NPZ_2_4,SB,5/26/24,2024,CA,VD,NPZ,2,4,28,23,4,1,0,,NA,,2,22,5.4,6.1,5.7,5.6,6.3,,,,,,0,10,0,0,12,3,0,7,68,100,0,0,0,0,0,0,0,0,0,0,0,0,0,0
LU/DJC,6/25/24,SB_2024_NPZ_2_5,SB,5/26/24,2024,CA,VD,NPZ,2,5,20,17,3,0,0,,NA,,0,17,3.5,4.4,3.4,3.9,4,,,,,,0,33,0,0,9,5,4,1,48,100,0,0,0,0,0,1,1,0,0,0,0,0,0,2
DJC/LU,18-Jun-24,YB_2024_AZ_1_1,YB,5/25/24,2024,CP,FD,AZ,1,1,0,0,0,0,0,,NA,,0,0,NA,NA,NA,NA,NA,NA,NA,NA,NA,NA,1,0,0,50,7,2,0,4,37,100,0,0,0,0,0,0,0,88,0,0,0,0,0,88
DJC/LU,18-Jun-24,YB_2024_AZ_1_2,YB,5/25/24,2024,CP,FD,AZ,1,2,0,0,0,0,0,,NA,,0,0,NA,NA,NA,NA,NA,NA,NA,NA,NA,NA,7,28,0,0,9,3,5,0,55,100,0,26,0,0,0,0,0,0,0,0,0,0,0,26
DJC/LU,18-Jun-24,YB_2024_AZ_1_3,YB,5/25/24,2024,CP,FD,AZ,1,3,0,0,0,0,0,,NA,,0,0,NA,NA,NA,NA,NA,NA,NA,NA,NA,NA,11,7,0,0,15,1,1,0,76,100,1,0,0,0,0,0,0,0,0,0,0,0,0,1
DJC/LU,18-Jun-24,YB_2024_AZ_1_4,YB,5/25/24,2024,CP,FD,AZ,1,4,0,0,0,0,0,,NA,,0,0,NA,NA,NA,NA,NA,NA,NA,NA,NA,NA,8,30,0,0,4,0,0.1,0,66,100,0,0,0,25,24,2,0,0,0,0,0,0,0,51
DJC/LU,18-Jun-24,YB_2024_AZ_1_5,YB,5/25/24,2024,CP,FD,AZ,1,5,0,0,0,0,0,,NA,,0,0,NA,NA,NA,NA,NA,NA,NA,NA,NA,NA,3,89,0,5,1,0,1,1,3,100,0,0,0,0,0,0,0,0,0,0,0,0,0,0
DJC/LU,18-Jun-24,YB_2024_AZ_2_1,YB,5/25/24,2024,CP,FD,AZ,2,1,0,0,0,0,0,,NA,,0,0,NA,NA,NA,NA,NA,NA,NA,NA,NA,NA,7,91,0,0,7,0,0,0,2,100,0,0,0,0,0,0,0,0,0,0,0,0,0,0
DJC/LU,18-Jun-24,YB_2024_AZ_2_2,YB,5/25/24,2024,CP,FD,AZ,2,2,0,0,0,0,0,,NA,,0,0,NA,NA,NA,NA,NA,NA,NA,NA,NA,NA,7,25,0,0,6,2,0,0,67,100,0,30,0,0,0,0,0,0,0,0,0,0,0,30
DJC/LU,18-Jun-24,YB_2024_AZ_2_3,YB,5/25/24,2024,CP,FD,AZ,2,3,0,0,0,0,0,,NA,,0,0,NA,NA,NA,NA,NA,NA,NA,NA,NA,NA,5,85,0,0,0,3,1,0,11,100,24,20,0,0,6,8,0,0,0,0,0,0,0,58
DJC/LU,18-Jun-24,YB_2024_AZ_2_4,YB,5/25/24,2024,CP,FD,AZ,2,4,0,0,0,0,0,,NA,,2,0,NA,NA,NA,NA,NA,NA,NA,NA,NA,NA,16,22,0,0,5,2,2,4,65,100,0,0,0,0,94,0,0,0,0,0,0,0,0,94
DJC/LU,18-Jun-24,YB_2024_AZ_2_5,YB,5/25/24,2024,CP,FD,AZ,2,5,0,0,0,0,0,,NA,,0,0,NA,NA,NA,NA,NA,NA,NA,NA,NA,NA,12,4,0,0,11,11,2,2,70,100,6,0,0,0,52,0,0,0,0,0,0,0,0,58
DJC,10-Jul-24,SH_2024_UPZ_2_1,SH,7/9/24,2024,CP,VB,UPZ,2,1,4,3,0,1,0,,NA,,0,5,,,,,,,,,,,0,6,0,0,4,0,85,1,4,100,0,0,0,0,0,14,0,0,0,0,0,0,0,14
DJC,10-Jul-24,SH_2024_UPZ_2_2,SH,7/9/24,2024,CP,VB,UPZ,2,2,1,1,0,0,0,,NA,,1,3,,,,,,,,,,,0,11,2,0,1,0,85,1,0.1,100,0,0,0,0,4,13,0,0,0,0,0,0,0,17
DJC,10-Jul-24,SH_2024_UPZ_2_3,SH,7/9/24,2024,CP,VB,UPZ,2,3,7,1,3,3,0,,NA,,1,5,,,,,,,,,,,0,6,0,0,1,0,91,0,2,100,0,0,0,0,1,4,0,0,0,0,0,0,0,5
DJC,10-Jul-24,SH_2024_UPZ_2_4,SH,7/9/24,2024,CP,VB,UPZ,2,4,0,0,0,0,0,,NA,,2,2,,,,,,,,,,,0,4,1,0,1,0,93,0,1,100,0,2,0,0,0,14,0,0,0,0,0,0,0,16
DJC,10-Jul-24,SH_2024_UPZ_2_5,SH,7/9/24,2024,CP,VB,UPZ,2,5,0,0,0,0,0,,NA,,1,1,,,,,,,,,,,0,14,0.1,0,14,0,67,0,5,100,0,0,0,0,0,15,0,0,0,0,2,0,0,17
DJC,10-Jul-24,SH_2024_AZ_1_1,SH,6/23/24,2024,CP,VB,AZ,1,1,0,0,0,0,0,,NA,,0,0,NA,NA,NA,NA,NA,NA,NA,NA,NA,NA,7,77,0,4,1,0,1,14,3,100,0,0,0,0,0,6,0,31,0,0,60,0,0,97
DJC,10-Jul-24,SH_2024_AZ_1_2,SH,6/23/24,2024,CP,VB,AZ,1,2,0,0,0,0,0,,NA,,0,0,NA,NA,NA,NA,NA,NA,NA,NA,NA,NA,11,91,0,0,1,1,4,3,0,100,0,0,0,0,0,0,0,0,0,0,86,0,0,86
DJC,10-Jul-24,SH_2024_AZ_1_3,SH,6/23/24,2024,CP,VB,AZ,1,3,0,0,0,0,0,,NA,,1,1,NA,NA,NA,NA,NA,NA,NA,NA,NA,NA,71,10,0,1,5,4,7,1,1,100,0,0,0,0,0,0,0,0,0,0,90,0,0,90
DJC,10-Jul-24,SH_2024_AZ_1_4,SH,6/23/24,2024,CP,VB,AZ,1,4,0,0,0,0,0,,NA,,5,5,NA,NA,NA,NA,NA,NA,NA,NA,NA,NA,10,81,0,1,8,2,4,3,1,100,0,0,0,0,0,0,0,0,0,0,96,0,0,96
DJC,10-Jul-24,SH_2024_AZ_1_5,SH,6/23/24,2024,CP,VB,AZ,1,5,0,0,0,0,0,,NA,,0,0,NA,NA,NA,NA,NA,NA,NA,NA,NA,NA,5,77,0,0,0,0,0,23,0,100,0,0,0,0,0,0,0,0,0,0,100,0,0,100
DJC,10-Jul-24,SH_2024_AZ_2_1,SH,6/23/24,2024,CP,VB,AZ,2,1,0,0,0,0,0,,NA,,0,0,NA,NA,NA,NA,NA,NA,NA,NA,NA,NA,7,82,0,0,1,6,0,11,0,100,0,0,0,0,0,36,0,0,0,0,60,0,0,96
DJC,10-Jul-24,SH_2024_AZ_2_2,SH,6/23/24,2024,CP,VB,AZ,2,2,0,0,0,0,0,,NA,,0,0,NA,NA,NA,NA,NA,NA,NA,NA,NA,NA,2,82,1,0,2,8,1,5,1,100,14,25,0,0,0,40,0,0,0,0,0,0,0,79
DJC,10-Jul-24,SH_2024_AZ_2_3,SH,6/23/24,2024,CP,VB,AZ,2,3,0,0,0,0,0,,NA,,0,0,NA,NA,NA,NA,NA,NA,NA,NA,NA,NA,4,24,0,0,1,4,2,0,69,100,0,18,0,0,0,50,0,0,0,0,0,0,0,68
DJC,10-Jul-24,SH_2024_AZ_2_4,SH,6/23/24,2024,CP,VB,AZ,2,4,0,0,0,0,0,,NA,,0,0,NA,NA,NA,NA,NA,NA,NA,NA,NA,NA,1,6,0,8,2,5,6,0,73,100,0,5,0,0,0,0,0,28,0,0,0,0,0,33
DJC,10-Jul-24,SH_2024_AZ_2_5,SH,6/23/24,2024,CP,VB,AZ,2,5,0,0,0,0,0,,NA,,0,0,NA,NA,NA,NA,NA,NA,NA,NA,NA,NA,1,8,0,9,10,1,2,0,70,100,0,24,0,0,0,0,0,32,0,0,0,0,0,56
DJC,10-Jul-24,SH_2024_UPZ_1_1,SH,6/23/24,2024,CP,,UPZ,1,1,0,0,0,0,0,,NA,,2,2,NA,NA,NA,NA,NA,,,,,,1,73,0,0,2,5,20,0,0,100,0,5,0,0,0,3,0,0,0,0,0,0,0,8
DJC,10-Jul-24,SH_2024_UPZ_1_2,SH,6/23/24,2024,CP,TP,UPZ,1,2,9,9,0,0,0,,NA,,0,9,,,,,,,,,,,0,71,0,0,3,2,24,0,0,100,0,0,0,0,0,1,0,0,0,0,0,0,0,1
DJC,10-Jul-24,SH_2024_UPZ_1_3,SH,6/23/24,2024,CP,,UPZ,1,3,3,3,0,0,0,,NA,,0,3,3.6,,,NA,NA,,,,,,0.1,84,0,0,2,0,14,0,0,100,0,0,0,0,0,8,0,0,0,0,1,0,0,9
DJC,10-Jul-24,SH_2024_UPZ_1_4,SH,6/23/24,2024,CP,FB,UPZ,1,4,0,0,0,0,0,,NA,,0,0,NA,NA,NA,NA,NA,,,,,,3,35,0,8,1,0,53,1,2,100,0,0,0,0,0,0,0,15,0,0,36,0,0,51
DJC,10-Jul-24,SH_2025_UPZ_1_5,SH,6/23/24,2025,CP,FB,UPZ,1,5,0,0,0,0,0,,NA,,0,0,NA,NA,NA,NA,NA,,,,,,0,3,0,80,1,5,2,6,3,100,0,0,0,0,0,0,0,100,0,0,0,0,0,100
LU,7/10/24,SC_2024_AZ_1_1,SC,6/24/24,2024,CA,FB,AZ,1,1,0,0,0,0,0,,NA,,4,4,NA,NA,NA,NA,NA,NA,NA,NA,NA,NA,0.1,63,19,1,4,1,0,12,0,100,0,0,0,0,0,11,0,2,0,0,0,0,0,13
LU,7/10/24,SC_2024_AZ_1_2,SC,6/24/24,2024,CA,FB,AZ,1,2,0,0,0,0,0,0,NA,,0,0,NA,NA,NA,NA,NA,NA,NA,NA,NA,NA,8,65,10,0,4,2,0,16,3,100,96,0,0,0,0,0,0,0,0,0,0,0,0,96
LU,7/10/24,SC_2024_AZ_1_3,SC,6/24/24,2024,CA,FB,AZ,1,3,0,0,0,0,0,0,NA,,0,0,NA,NA,NA,NA,NA,NA,NA,NA,NA,NA,0,15,3,11,0,0,0,71,0,100,0,0,5,0,0,3,0,72,0,0,0,0,0,80
LU,7/10/24,SC_2024_AZ_1_4,SC,6/24/24,2024,CA,FB,AZ,1,4,0,0,0,0,0,0,NA,,0,0,NA,NA,NA,NA,NA,NA,NA,NA,NA,NA,0,12,11,24,2,0,0,51,0,100,0,0,0,0,0,10,0,41,0,0,0,0,0,51
LU,7/10/24,SC_2024_AZ_1_5,SC,6/24/24,2024,CA,VB,AZ,1,5,0,0,0,0,0,0,NA,,0,0,NA,NA,NA,NA,NA,NA,NA,NA,NA,NA,2,73,15,0,1,8,0,2,1,100,0,0,39,0,0,18,0,0,0,0,0,0,0,57
LU,7/10/24,SC_2024_AZ_2_1,SC,6/24/24,2024,CA,FB,AZ,2,1,0,0,0,0,0,0,NA,,0,0,NA,NA,NA,NA,NA,NA,NA,NA,NA,NA,0,78,0,0,10,2,3,0,7,100,0,0,44,0,0,25,0,0,0,0,0,0,0,69
LU,7/10/24,SC_2024_AZ_2_2,SC,6/24/24,2024,CA,VB,AZ,2,2,2,2,0,0,0,0,NA,,5,7,NA,NA,NA,NA,NA,NA,NA,NA,NA,NA,0,87,0,0,9,3,1,0,0,100,0,0,12,0,0,15,0,0,0,0,0,0,0,27
LU,7/11/24,SC_2024_AZ_2_3,SC,6/24/24,2024,CA,VB,AZ,2,3,0,0,0,0,0,0,NA,,0,0,NA,NA,NA,NA,NA,NA,NA,NA,NA,NA,0,49,0,0,8,3,0,0,40,100,0,0,1,0,0,36,0,0,0,0,0,0,0,37
LU,7/11/24,SC_2024_AZ_2_4,SC,6/24/24,2024,CA,FB,AZ,2,4,0,0,0,0,0,0,NA,,0,0,NA,NA,NA,NA,NA,NA,NA,NA,NA,NA,0,90,0,0,2,2,0.1,0,6,100,0,0,0.1,0,0,36,0,0,0,0,0,0,0,36.1
LU,7/11/24,SC_2024_AZ_2_5,SC,6/24/24,2024,CA,FB,AZ,2,5,0,0,0,0,0,0,NA,,3,3,NA,NA,NA,NA,NA,NA,NA,NA,NA,NA,4,88,0,0,8,2,0,0,2,100,0,0,6,0,0,80,0,0,0,0,0,0,0,86
LU,7/11/24,SC_2024_UPZ_1_1,SC,6/24/24,2024,CA,VB,UPZ,1,1,61,58,0,3,5,1,NA,,15,72,,,,,,,,,,,0,9,2,0,21,0,1,8,59,100,0,0,0,0,0,0.1,0,0,0,0,0,0,0,0.1
LU,7/11/24,SC_2024_UPZ_1_2,SC,6/24/24,2024,CA,FB,UPZ,1,2,18,18,0,0,2,0,NA,,11,29,3,4.5,4,3.3,3.9,,,,,,0,8,0.1,0,10,0,1,81,0,100,0,0,0,0,0,0,0,0,0,0,0,0,0,0
LU,7/11/24,SC_2024_UPZ_1_3,SC,6/24/24,2024,CA,FB,UPZ,1,3,33,33,0,0,12,1,NA,,21,54,4,4.4,2.9,3.3,4,,,,,,0,0,0,0,17,0,0,13,70,100,0,0,0,0,0,0,0,0,0,0,0,0,0,0
LU,7/11/24,SC_2024_UPZ_1_4,SC,6/24/24,2024,CA,FB,UPZ,1,4,35,35,0,0,1,0,NA,,1,36,4.8,3.3,3.8,4.1,3.2,,,,,,0,7,4,0,4,0,2,13,70,100,0,0,0,0,0,0,0,0,0,0,0,0,0,0
LU,7/11/24,SC_2024_UPZ_1_5,SC,6/24/24,2024,CA,VB,UPZ,1,5,7,7,0,0,0,0,NA,,13,20,,,,,,,,,,,0,20,12,0,6,2,0,14,46,100,0,0,0,0,0,0,0,0,0,0,0,0,0,0
LU,7/11/24,SC_2024_UPZ_2_1,SC,6/24/24,2024,CA,VB,UPZ,2,1,20,8,7,5,0,0,NA,,5,13,,,,,,,,,,,5,25,,0,13,11,3,0,,52,0,7,0,0,0,0,0,0,0,0,0,0,0,7
LU,7/11/24,SC_2024_UPZ_2_2,SC,6/24/24,2024,CA,FB,UPZ,2,2,14,1,9,4,0,,NA,,1,2,5,4.6,3.4,3.7,3.4,,,,,,1,50,0,0,1,0,0,0,49,100,0,0,0,0,6,0,0,0,0,0,0,0,0,6
LU,7/11/24,SC_2024_UPZ_2_3,SC,6/24/24,2024,CA,FB,UPZ,2,3,50,49,0,1,5,0,NA,,2,52,4.2,3.8,5.3,3.7,4.1,,,,,,0.1,14,0.1,0,12,0,1,0,73,100,0,0,4?,0,2,4,0,0,0,0,0,0,0,6
LU,7/11/24,SC_2024_UPZ_2_4,SC,6/24/24,2024,CA,FB,UPZ,2,4,16,16,0,0,0,0,NA,,2,18,4.6,4.9,4.1,4.1,5,,,,,,0,44,2,0,12,2,1,0,39,100,0,0,0,0,0,0,0,0,0,0,0,0,0,0
LU,7/11/24,SC_2024_UPZ_2_5,SC,6/24/24,2024,CA,FB,UPZ,2,5,21,21,0,0,2,0,NA,,2,23,4.2,3.9,3.8,5,4.6,,,,,,0,35,0,0,11,0,0,3,51,100,0,0,0,0,0,0,0,0,0,0,0,0,0,0
LU,7/11/24,SC_2024_NPZ_1_1,SC,6/24/24,2024,CA,VB,NPZ,1,1,21,0,21,0,2,0,NA,,0,0,7.1,5.1,4.9,4.7,5.3,,,,,,0,2,0,0,26,9,1,0,62,100,0,0,1,0,0,0,0,0,0,0,0,0,0,1
LU,7/11/24,SC_2024_NPZ_1_2,SC,6/24/24,2024,CA,VB,NPZ,1,2,15,14,1,0,0,0,NA,,1,15,3.8,3.8,4.9,4,4.1,,,,,,0,68,0,8,10,6,0,0,8,100,0,0,0,0,0,5,0,10,0,0,0,0,0,15
LU,7/11/24,SC_2024_NPZ_1_3,SC,6/24/24,2024,CA,VB,NPZ,1,3,56,16,2,38,5,1,NA,,1,17,4.1,6.2,4.6,5.1,5.3,,,,,,0,0,0,0,20,1,1,4,74,100,0,0,0,0,0,0,0,0,0,0,0,0,0,0
LU,7/11/24,SC_2024_NPZ_1_4,SC,6/24/24,2024,CA,VB,NPZ,1,4,30,11,4,15,0,0,NA,,2,13,6,5.2,4.7,4.6,5.7,,,,,,0,0,0,0,15,6,1,5,73,100,0,0,0,0,0,0,0,0,0,0,0,0,0,0
LU,7/11/24,SC_2024_NPZ_1_5,SC,6/24/24,2024,CA,VB,NPZ,1,5,17,8,7,2,0,0,NA,,4,12,6.4,5.5,5.9,4.7,5.5,,,,,,0,0,0,0,20,0.1,1,10,69,100,0,0,0,0,0,0,0,0,0,0,0,0,0,0
LU,7/11/24,SC_2024_NPZ_2_1,SC,6/24/24,2024,CA,VB,NPZ,2,1,27,0,1,26,2,0,NA,,0,0,6.7,6.8,6.2,6.2,5.1,,,,,,0,0,0,0,17,9,1,0.1,73,100,0,0,0,0,0,0,0,0,0,0,0,0,0,0
LU,7/11/24,SC_2024_NPZ_2_2,SC,6/24/24,2024,CA,VB,NPZ,2,2,39,3,13,23,1,0,NA,,4,7,6.3,5.4,5.6,4.6,5.8,,,,,,0,0,0,0,15,8,0,7,70,100,0,0,0,0,0,0,0,0,0,0,0,0,0,0
LU,7/11/24,SC_2024_NPZ_2_3,SC,6/24/24,2024,CA,VB,NPZ,2,3,33,12,0,21,1,0,NA,,0,12,,,,,,,,,,,0,0,0,0,11,8,0,1,80,100,0,0,0,0,0,0,0,0,0,0,0,0,0,0
LU,7/11/24,SC_2024_NPZ_2_4,SC,6/24/24,2024,CA,VB,NPZ,2,4,43,8,3,32,0,0,NA,,3,11,4.7,4.9,3.9,4.7,4,,,,,,0,0,0,0,23,4,0,10,63,100,0,0,0,0,0,0,0,0,0,0,0,0,0,0
LU,7/11/24,SC_2024_NPZ_2_5,SC,6/24/24,2024,CA,VB,NPZ,2,5,25,0,6,19,0,0,NA,,0,0,4.8,3.2,4.5,5.3,5,,,,,,0,0,0,0,72,3,0,15,10,100,0,0,0,0,0,0,0,0,0,0,0,0,0,0
LU,7/11/24,CB_2024_AZ_1_1,CB,6/25/24,2024,CB,FB,AZ,1,1,0,0,0,0,0,0,NA,,0,0,NA,NA,NA,NA,NA,NA,NA,NA,NA,NA,0.1,82,10,0,0,3,1,2,2,100,0,4,40,0,0,15,0,0,0,0,0,0,0,59
LU,7/11/24,CB_2024_AZ_1_2,CB,6/25/24,2024,CB,FB,AZ,1,2,0,0,0,0,0,0,NA,,0,0,NA,NA,NA,NA,NA,NA,NA,NA,NA,NA,4,92,4,0,1,3,0.1,0.1,0,100,37,2,14,0,0,42,0,0,0,0,0,0,0,95
LU,7/11/24,CB_2024_AZ_1_3,CB,6/25/24,2024,CB,FB,AZ,1,3,0,0,0,0,0,0,NA,,0,0,NA,NA,NA,NA,NA,NA,NA,NA,NA,NA,0,65,0.1,0,0,0,0.1,35,0,100,21,0,0,0,0,10,0,0,0,0,0,0,0,31
LU,7/11/24,CB_2024_AZ_1_4,CB,6/25/24,2024,CB,FB,AZ,1,4,0,0,0,0,0,0,NA,,0,0,NA,NA,NA,NA,NA,NA,NA,NA,NA,NA,2,85,0.1,0,5,2,0,8,0,100,18,20,0,0,0,25,0,0,0,0,0,0,0,63
LU,7/11/24,CB_2024_AZ_1_5,CB,6/25/24,2024,CB,FB,AZ,1,5,0,0,0,0,0,0,NA,,0,0,NA,NA,NA,NA,NA,NA,NA,NA,NA,NA,0,96,0,0,1,0.1,0,2,1,100,0,0,0,0,0,100,0,0,0,0,0,0,0,100
LU,7/11/24,CB_2024_AZ_2_1,CB,6/25/24,2024,CB,VD,AZ,2,1,0,0,0,0,0,0,NA,,0,0,NA,NA,NA,NA,NA,NA,NA,NA,NA,NA,6,74,0.1,0,7,14,0.1,2,3,100,16,45,0,0,0,8,0,0,0,0,0,0,0,69
LU,7/11/24,CB_2024_AZ_2_2,CB,6/25/24,2024,CB,VD,AZ,2,2,0,0,0,0,0,0,NA,,0,0,NA,NA,NA,NA,NA,NA,NA,NA,NA,NA,0,84,0,0,5,2,1,8,0,100,1,26,0,0,0,7,0,0,0,0,0,0,0,34
LU,7/11/24,CB_2024_AZ_2_3,CB,6/25/24,2024,CB,VD,AZ,2,3,0,0,0,0,0,0,NA,,0,0,NA,NA,NA,NA,NA,NA,NA,NA,NA,NA,2,85,0,0,1,3,0.1,10,1,100,0,1,0,0,0,12,0,0,0,0,0,0,0,13
LU,7/11/24,CB_2024_AZ_2_4,CB,6/25/24,2024,CB,VD,AZ,2,4,0,0,0,0,0,0,NA,,0,0,NA,NA,NA,NA,NA,NA,NA,NA,NA,NA,2,86,,,0.1,3,2,1,8,100,0,0,4,0,0,48,0,0,0,0,0,0,0,52
LU,7/11/24,CB_2024_AZ_2_5,CB,6/25/24,2024,CB,VD,AZ,2,5,0,0,0,0,0,0,NA,,0,0,NA,NA,NA,NA,NA,NA,NA,NA,NA,NA,0,90,,,3,1,0,4,2,100,6,0,10,0,0,40,0,0,0,0,0,0,0,56
LU,7/15/24,CB_2024_NPZ_1_1,CB,6/25/24,2024,CB,CB,NPZ,1,1,4,0,1,3,0,0,NA,,0,0,,,,,NA,,,,,,1,10,0.1,,8,0,2,18,62,100,4,0,0,0,0,0,0,0,0,0,0,0,0,4
LU,7/15/24,CB_2024_NPZ_1_2,CB,6/25/24,2024,CB,CD,NPZ,1,2,14,1,3,10,1,0,NA,,0,1,6.7,5.2,6.3,6.9,6.2,,,,,,,1,0,,12,9,2,10,66,100,0,0,0,0,0,0,0,0,0,0,0,0,0,0
LU,7/15/24,CB_2024_NPZ_1_3,CB,6/25/24,2024,CB,CB,NPZ,1,3,3,0,3,0,0,0,NA,,1,1,6.6,5.8,5.2,5.4,5.4,,,,,,,4,1,,13,9,4,3,66,100,0,0,0,0,0,0,0,0,0,0,0,0,0,0
LU,7/15/24,CB_2024_NPZ_1_4,CB,6/25/24,2024,CB,CB,NPZ,1,4,7,0,7,0,0,0,NA,,0,0,7.7,8.3,5.3,5.9,6.2,,,,,,,16,,,16,5,2,45,16,100,0,0,0,0,0,0,0,0,0,0,0,0,0,0
LU,7/15/24,CB_2024_NPZ_1_5,CB,6/25/24,2024,CB,CB,NPZ,1,5,20,0,20,0,0,0,NA,,0,0,5.5,5.3,5.8,3.7,3.9,,,,,,,0,0.1,,4,5,,10,81,100,0,0,0,0,0,0,0,0,0,0,0,0,0,0
LU/DJC,7/24/24,CB_2024_ NPZ_2_1,CB,7/24/24,2024,CB,VB, NPZ,2,1,13,3,6,4,0,0,NA,,4,7,8,3,8.1,7.6,,,,,,,,1,,,10,9,1,3,76,100,0,0,0,0,0,0,0,0,0,0,0,0,69,69
LU/DJC,7/24/24,CB_2024_ NPZ_2_2,CB,7/24/24,2024,CB,FD, NPZ,2,2,5,0,0,5,0,0,NA,,0,0,8.8,7.2,6,8,7.8,,,,,,,,,,9,3,2,,86,100,0,0,0,0,0,0,0,0,0,0,0,0,85,85
LU/DJC,7/24/24,CB_2024_ NPZ_2_3,CB,7/24/24,2024,CB,VD, NPZ,2,3,4,1,2,1,0,0,NA,,0,1,7.9,6.6,7.5,,,,,,,,2,,,,21,14,2,,63,100,0,0,0,0,4,0,0,0,0,0,0,0,63,67
LU/DJC,7/24/24,CB_2024_ NPZ_2_4,CB,7/24/24,2024,CB,CB, NPZ,2,4,12,0,3,9,1,0,NA,,0,0,10,7.6,9,7.3,8.1,,,,,,2,,,,6,3,0.1,7,84,100,0,0,0,0,0,0,0,0,0,0,0,0,79,79
LU/DJC,7/24/24,CB_2024_ NPZ_2_5,CB,7/24/24,2024,CB,VB, NPZ,2,5,12,3,4,5,9,3,NA,,7,10,7,6.6,3.1,7,,,,,,,3,1,0.1,,11,7,4,5,72,100,0,0,0,0,0,0,0,0,0,0,0,0,64,64
LU,7/15/24,CB_2024_UPZ_1_1,CB,6/25/24,2024,CB,VB,UPZ,1,1,17,9,2,6,3,3,NA,,11,20,,,,,,,,,,,0,1,0,0,10,9,1,4,75,100,0,0,0,0,0,0,0,0,0,0,0,0,0,0
LU,7/15/24,CB_2024_UPZ_1_2,CB,6/25/24,2024,CB,CC,UPZ,1,2,20,8,7,5,1,1,NA,,2,10,,,,,,,,,,,0,16,0,0,14,3,8,57,2,100,0,0,0,0,0,9,0,0,0,0,0,0,0,9
LU,7/15/24,CB_2024_UPZ_1_3,CB,6/25/24,2024,CB,VD,UPZ,1,3,6,1,5,0,1,0,NA,,0,1,,,,,,,,,,,2,12,0,0,6,8,4,0.1,70,100,0,24,0,0,0,42,0,0,0,0,0,0,0,66
LU,7/15/24,CB_2024_UPZ_1_4,CB,6/25/24,2024,CB,FD,UPZ,1,4,11,7,4,0,0,0,NA,,8,17*,,,,,,,,,,,,0.1,,,8,17,5,3,67,100,0,0,0,0,0,0.1,0,0,0,0,0,0,0,0.1
LU,7/15/24,CB_2024_UPZ_1_5,CB,6/25/24,2024,CB,VD,UPZ,1,5,12,7,1,4,4,1,NA,,4,11,,,,,,,,,,,,7,,,10,8,4,8,63,100,0,0,0,0,0,7,0,0,0,0,0,0,0,7
LU/DJC,7/24/24,CB_2024_UPZ_2_1,CB,7/24/24,2024,CB,VD,UPZ,2,1,30,30,0,0,11,11,NA,,9,39,5.7,4.7,4.5,4,4.4,,,,,,5,25,,,52,6,1,,16,100,0,0,0,0.1,0,0,0,0,0,0,0,0,0,0.1
LU/DJC,7/24/24,CB_2024_UPZ_2_2,CB,7/24/24,2024,CB,VD,UPZ,2,2,36,35,1,0,8,7,NA,,5,41,4.7,4.5,4.6,3.6,3.6,,,,,,,36,,,42,7,2,,13,100,0,0,0,0,0,5,0,0,0,0,3,0,0,8
LU/DJC,7/24/24,CB_2024_UPZ_2_3,CB,7/24/24,2024,CB,VD,UPZ,2,3,12,9,3,0,2,0,NA,,4,13,4,3,4.5,6,,,,,,,,16,,25,11,3,1,,44,100,0,0.1,0,0,0,0,0,37,0,0,0,0,0,37.1
LU/DJC,7/24/24,CB_2024_UPZ_2_4,CB,7/24/24,2024,CB,VD,UPZ,2,4,15,15,0,0,6,5,NA,,4,19,3.5,4.2,2.3,3.9,,,,,,,1,12,,,29,8,1,,50,100,0,8,0,0,0,2,0,0,0,0,0,0,0,10
LU/DJC,7/24/24,CB_2024_UPZ_2_5,CB,7/24/24,2024,CB,VD,UPZ,2,5,49,47,1,1,7,0,NA,,0,47,7,6,5.8,5,,,,,,,2,0.1,,,12,5,,1,82,100,0,0,0,0,0,0,0,0,0,0,0,0,0,0
LU,7/15/24,RP_2024_AZ_1_1,RP,6/26/24,2024,CB,VB,AZ,1,1,0,0,0,0,0,0,NA,,0,0,NA,NA,NA,NA,NA,NA,NA,NA,NA,NA,0,78,8,0,0.1,1,1,8,4,100,0,0,4,0,0,8,0,0,0,10,0,2,0,24
LU,7/15/24,RP_2024_AZ_1_2,RP,6/26/24,2024,CB,VB,AZ,1,2,0,0,0,0,0,0,NA,,0,0,NA,NA,NA,NA,NA,NA,NA,NA,NA,NA,0,52,19,0,0,0,0,20,9,100,0,0,0,0,0,0,0,0,0,17,0,41,0,58
LU,7/15/24,RP_2024_AZ_1_3,RP,6/26/24,2024,CB,VB,AZ,1,3,0,0,0,0,0,0,NA,,0,0,NA,NA,NA,NA,NA,NA,NA,NA,NA,NA,0,55,17,0,1,6,0,12,9,100,0,0,0,0,0,0,0,0,0,36,0,0,0,36
LU,7/15/24,RP_2024_AZ_1_4,RP,6/26/24,2024,CB,VB,AZ,1,4,6,0,6,0,0,0,NA,,0,0,NA,NA,NA,NA,NA,NA,NA,NA,NA,NA,2,12,0.1,0,10,10,5,0.1,63,100,0,37,0,0,0,0,0,0,0,4,0,0,0,41
LU,7/15/24,RP_2024_AZ_1_5,RP,6/26/24,2024,CB,VB,AZ,1,5,0,0,0,0,0,0,NA,,0,0,NA,NA,NA,NA,NA,NA,NA,NA,NA,NA,6,80,8,0,1,1,8,0,2,100,0,4,0,0,14,42,0,0,0,5,0,0,0,65
LU,7/15/24,RP_2024_AZ_2_1,RP,6/26/24,2024,CB,VD,AZ,2,1,4,0,4,0,0,0,NA,,1,1,NA,NA,NA,NA,NA,NA,NA,NA,NA,NA,3,15,2,0,9,13,5,0.1,56,100,0,10,0,0,0,0,0,0,0,0,0,0,0,10
LU,7/15/24,RP_2024_AZ_2_2,RP,6/26/24,2024,CB,VD,AZ,2,2,11,0,9,2,2,0,NA,,0,0,NA,NA,NA,NA,NA,NA,NA,NA,NA,NA,3,36,0,0,13,4,9,4,34,100,0,21,0,0,10,5,0,0,0,0,0,0,0,36
LU,7/15/24,RP_2024_AZ_2_3,RP,6/26/24,2024,CB,VD,AZ,2,3,3,0,3,0,0,0,NA,,0,0,NA,NA,NA,NA,NA,NA,NA,NA,NA,NA,0.1,80,2,0.1,1,4,0.1,0.1,13,100,0,2,0,0,0,5,0,0,0,13,0,0,0,20
LU,7/15/24,RP_2024_AZ_2_4,RP,6/26/24,2024,CB,VD,AZ,2,4,2,0,2,0,2,1,NA,,0,1,NA,NA,NA,NA,NA,NA,NA,NA,NA,NA,0,75,5,0,3,0,4,11,2,100,0,0,0,0,0,5,0,0,0,0,0,0,0,5
LU,7/15/24,RP_2024_AZ_2_5,RP,6/26/24,2024,CB,VD,AZ,2,5,2,0,2,0,0,0,NA,,0,0,NA,NA,NA,NA,NA,NA,NA,NA,NA,NA,6,10,3,,9,5,0,0.1,73,100,0,80,0,0,0,1,0,0,0,0,0,0,0,81
LU,7/15/24,RP_2024_NPZ_1_1,RP,6/26/24,2024,CB,FD,NPZ,1,1,30,0,0,30,1,0,NA,,0,0,2.2,6.9,5.5,6.8,6.5,,,,,,,,,,10,5,2,10,73,100,0,0,0,0,2,0,0,0,0,0,0,0,0,2
LU,7/15/24,RP_2024_NPZ_1_2,RP,6/26/24,2024,CB,VD,NPZ,1,2,33,0,12,21,11,0,NA,,1,1,3.6,3.9,4.1,4.1,4.2,,,,,,,7,2,,6,6,9,15,55,100,0,0,0,0,0,0,0,0,0,3,0,0,0,3
LU,7/15/24,RP_2024_NPZ_1_3,RP,6/26/24,2024,CB,VD,NPZ,1,3,18,0,4,14,1,0,NA,,6,6,4.3,1.8,4.2,3.8,2.5,,,,,,,9,3,,6,,4,7,71,100,0,0,0,0,0,2,0,0,0,4,0,0,0,6
LU,7/15/24,RP_2024_NPZ_1_4,RP,6/26/24,2024,CB,FD,NPZ,1,4,21,6,1,14,0,0,NA,,5,5,4.9,4.9,6.4,5.6,6.1,,,,,,,3,0.1,0.1,1,,0.1,23,73,100,0,0,0,0,0,1,0,0,0,0,0,0,0,1
LU,7/15/24,RP_2024_NPZ_1_5,RP,6/26/24,2024,CB,,NPZ,1,5,35,1,7,27,2,0,NA,,0,1,5,3.8,4.2,4.4,4.2,,,,,,,,,4,6,1,,20,69,100,0,0,0,0,0,0,0,8,0,0,0,0,0,8
LU/DJC,7/24/24,RP_2024_NPZ_2_1,RP,7/22/24,2024,CB,VD,NPZ,2,1,18,1,10,7,20,1,NA,,0,1,4,4.2,4.6,2.1,4.6,,,,,,,,,,33,4,5,,58,100,0,6,0,0,0,0,0,0,0,0,0,0,0,6
LU/DJC,7/24/24,RP_2024_NPZ_2_2,RP,7/22/24,2024,CB,VD,NPZ,2,2,10,0,10,0,13,0,NA,,0,0,3.5,3.3,4.2,4.3,,,,,,,2,7,,14,63,10,3,1,2,100,20,0,0,0,0,12,0,60,0,0,0,0,0,92
LU/DJC,7/24/24,RP_2024_NPZ_2_3,RP,7/22/24,2024,CB,,NPZ,2,3,45,3,12,30,25,1,NA,,0,3,3.4,4.9,3.5,3.8,3.9,,,,,,,,,0.1,23,4,6,10,57,100,1,0,0,0,0,10,0,0,0,0,0,0,0,11
LU/DJC,7/24/24,RP_2024_NPZ_2_4,RP,7/22/24,2024,CB,CD,NPZ,2,4,33,12,18,3,20,0,NA,,0,0,5.1,6.7,4.7,4.9,3.1,,,,,,,,,,80,1,2,6,11,100,0,0,0,0,0,0,0,4,0,0,0,0,0,4
LU/DJC,7/24/24,RP_2024_NPZ_2_5,RP,7/22/24,2024,CB,VD,NPZ,2,5,33,1,5,27,7,0,NA,,0,0,2.3,5.3,4.1,3.8,6.5,,,,,,3,,,3,16,4,3,5,69,100,0,9,0,0,0,0,0,9,0,0,0,0,0,18
LU,7/15/24,RP_2024_UPZ_1_1,RP,6/26/24,2024,CB,FD,UPZ,1,1,19,1,6,12,5,0,NA,,2,3,5.4,5.5,5.9,4.8,4.3,,,,,,,6,,,66,8,6,5,9,100,0,0,0,0,0,1,0,0,0,0,0,0,0,1
LU,7/15/24,RP_2024_UPZ_1_2,RP,6/26/24,2024,CB,VD,UPZ,1,2,14,1,10,3,14,2,NA,,0,1,2.7,4.7,5.1,3.3,2.7,,,,,,,5,,5,48,15,8,0.1,19,100,0,0,0,0,0,4,0,8,0,0,0,0,0,12
LU,7/15/24,RP_2024_UPZ_1_3,RP,6/26/24,2024,CB,VD,UPZ,1,3,9,1,6,2,2,0,NA,,0,1,2.6,4.7,4.7,5.1,2.5,,,,,,3,19,,,60,16,1,,4,100,0,9,0,0,0,0,0,0,0,0,0,0,0,9
LU,7/15/24,RP_2024_UPZ_1_4,RP,6/26/24,2024,CB,VB,UPZ,1,4,17,7,2,8,16,0,NA,,2,10,3.4,4,4.2,3.8,4.7,,,,,,,7,,,76,11,2,0.1,4,100,0,25,0,0,0,7,0,0,0,0,0,0,0,32
LU,7/15/24,RP_2024_UPZ_1_5,RP,6/26/24,2024,CB,VD,UPZ,1,5,15,8,5,2,1,1,NA,,3,11,3.1,5.9,3.3,3.3,,,,,,,1,34,,,52,6,2,0.1,6,100,0,8,0,0,0,4,0,0,0,0,0,0,0,12
LU/DJC,24-Jul,RP_2024_UPZ_2_1,RP,7/22/24,2024,CB,VD,UPZ,2,1,13,2,1,10,9,0,NA,,0,2,6.1,5.8,5.2,6.8,4.4,,,,,,1,26,,,8,7,7,5,47,100,7,0,0,0,0,0,0,0,0,0,0,0,0,7
LU/DJC,7/24/24,RP_2024_UPZ_2_2,RP,7/22/24,2024,CB,FD,UPZ,2,2,31,12,2,17,28,2,NA,,0,12,4.2,4.5,3.4,3.8,4.1,,,,,,,5,,,8,3,17,4,63,100,0,7,0,0,0,0,0,0,0,0,0,0,0,7
LU/DJC,7/24/24,RP_2024_UPZ_2_3,RP,7/22/24,2024,CB,VD,UPZ,2,3,21,2,5,14,22,2,NA,,0,3,3.7,2.9,1.8,3.4,3.4,,,,,,,12,,,56,11,12,5,4,100,0,7,0,0,0,0,0,0,0,0,0,0,0,7
LU/DJC,7/24/24,RP_2024_UPZ_2_4,RP,7/22/24,2024,CB,VD,UPZ,2,4,12,5,2,5,20,1,NA,,0,5,5.4,5,2.9,3.7,2.2,,,,,,1,11,,4,10,5,4,3,63,100,0,4,0,0,0,0,0,12,0,0,0,0,0,16
LU/DJC,7/24/24,RP_2024_UPZ_2_5,RP,7/22/24,2024,CB,VD,UPZ,2,5,18,2,2,14,17,1,NA,,0,2,5.2,3.9,4.9,4.6,4.2,,,,,,0,0,0,0,14,9,7,,70,100,3,0,0,7,0,4,0,0,0,0,4,0,0,18
LU/DJC,7/24/24,CMS_2024_AZ_1_1,CMS,7/20/24,2024,CM,VB,AZ,1,1,0,0,0,0,0,0,,,0,0,NA,NA,NA,NA,NA,NA,NA,NA,NA,NA,4,12,0,0,1,3,20,0,64,100,0,0,16,0,0,18,0,0,0,0,0,7,0,41
LU/DJC,7/24/24,CMS_2024_AZ_1_2,CMS,7/20/24,2024,CM,VB,AZ,1,2,2,2,0,0,1,1,,,2,5,NA,NA,NA,NA,NA,NA,NA,NA,NA,NA,0,7,0,0,5,5,45,0,38,100,0,0,20,0,0,12,0,0,0,1,0,0,0,33
LU/DJC,7/24/24,CMS_2024_AZ_1_3,CMS,7/20/24,2024,CM,VB,AZ,1,3,0,0,0,0,0,0,,,0,0,NA,NA,NA,NA,NA,NA,NA,NA,NA,NA,0,13,0,0,0.1,0.1,30,0,57,100,0,0,34,0,0,6,0,0,0,9,0,0.1,0,49.1
LU/DJC,7/24/24,CMS_2024_AZ_1_4,CMS,7/20/24,2024,CM,VB,AZ,1,4,1,1,0,0,0,0,,,0,1,NA,NA,NA,NA,NA,NA,NA,NA,NA,NA,0,8,0,0,1,1,40,0,50,100,0,0,13,0,0,11,0,0,0,0,0,0,0,24
LU/DJC,7/24/24,CMS_2024_AZ_1_5,CMS,7/20/24,2024,CM,VB,AZ,1,5,0,0,0,0,0,0,,,0,0,NA,NA,NA,NA,NA,NA,NA,NA,NA,NA,0,26,0,0,3,1,58,0,12,100,0,0,19,0,0,2,0,0,0,3,0,0,0,24
LU/DJC,7/24/24,CMS_2024_AZ_2_1,CMS,7/20/24,2024,CM,FB,AZ,2,1,3,3,0,0,1,0,,,4,11,NA,NA,NA,NA,NA,NA,NA,NA,NA,NA,0,86,0,0,5,0,4,0,5,100,0,0,6,0,0,20,0,0,0,3,0,0,0,29
LU/DJC,7/24/24,CMS_2024_AZ_2_2,CMS,7/20/24,2024,CM,FB,AZ,2,2,6,6,0,0,1,0,5,,4,10,NA,NA,NA,NA,NA,NA,NA,NA,NA,NA,0,83,0,0,3,2,1,0.1,11,100,0,0,1,0,0,1,0,0,0,0,0,0,0,2
LU/DJC,7/24/24,CMS_2024_AZ_2_3,CMS,7/20/24,2024,CM,VB,AZ,2,3,4,4,0,0,5,0,0,,4,8,NA,NA,NA,NA,NA,NA,NA,NA,NA,NA,0,85,1,0,5,1,4,0.1,4,100,0,0,0,0,0,6,0,0,0,0,0,0.1,0,6.1
LU/DJC,7/24/24,CMS_2024_AZ_2_4,CMS,7/20/24,2024,CM,VB,AZ,2,4,1,1,0,0,0,0,0,,3,5,NA,NA,NA,NA,NA,NA,NA,NA,NA,NA,0,19,3,0,0,8,13,0,57,100,0,0,0,0,0,6,0,0,0,7,0,0,0,13
LU/DJC,7/24/24,CMS_2024_AZ_2_5,CMS,7/20/24,2024,CM,VB,AZ,2,5,0,0,0,0,0,0,0,,0,0,NA,NA,NA,NA,NA,NA,NA,NA,NA,NA,0,3,0,0,0,0.1,15,0,82,100,0,0,1,0,0,0,0,0,0,15,0,0,0,16
LU/DJC,7/24/24,CMS_2024_UPZ_1_1,CMS,7/20/24,2024,CM,VB,UPZ,1,1,34,14,3,17,24,8,0,,0,14,4.1,3.2,4.2,4.5,3.8,,,,,,6,9,0,0,76,2,1,0,12,100,0,0,0,0,0,0,1,0,0,0,0,0,0,1
LU/DJC,7/24/24,CMS_2024_UPZ_1_2,CMS,7/20/24,2024,CM,VB,UPZ,1,2,11,10,0,1,35,NA,13,,3,13,2.8,3.5,2.7,2.9,1.5,,,,,,1,16,0,0,71,5,0,0,8,100,0,0,0,0,0,0,6,0,0,0,0,0,0,6
LU/DJC,7/24/24,CMS_2024_UPZ_1_3,CMS,7/20/24,2024,CM,FB,UPZ,1,3,49,49,0,0,40,NA,15,,0,48,5.1,4.2,2.8,3.2,3.9,,,,,,8,6,0,0,78,5,2,0,9,100,0,0,0,0,0,0,0,0,0,0,0,0,0,0
LU/DJC,7/24/24,CMS_2024_UPZ_1_4,CMS,7/20/24,2024,CM,FB,UPZ,1,4,40,11,0,29,14,NA,6,,1,12,4.9,4.8,4.4,5.5,3.7,,,,,,0,0.1,0,0,77,3,7,2,11,100,0,0,0,0,0,0,0,0,0,0,0,0,0,0
LU/DJC,7/24/24,CMS_2024_UPZ_1_5,CMS,7/20/24,2024,CM,CB,UPZ,1,5,48,4,0,44,4,NA,19,,0,4,5.2,4.7,4.4,3.5,5.6,,,,,,0,0,0,0,65,0,15,0,20,100,0,0,0,0,0,0,0,0,0,0,0,0,0,0
LU/DJC,7/24/24,CMS_2024_UPZ_2_1,CMS,7/20/24,2024,CM,FB,UPZ,2,1,6,6,0,0,12,NA,19,,2,9,4.2,2.8,3.7,2.2,2.9,,,,,,1,66,0,0,24,3,1,0,6,100,2,12,0,0,0,5,0,0,0,0,0,0,0,19
LU/DJC,7/24/24,CMS_2024_UPZ_2_2,CMS,7/20/24,2024,CM,FB,UPZ,2,2,16,7,3,6,28,NA,29,,3,11,4.5,3.9,3.4,2.8,2,,,,,,0,18,0,0,27,2,4,0,49,100,0,0,0,0,0,4,0,0,0,0,0,0,0,4
LU/DJC,7/24/24,CMS_2024_UPZ_2_3,CMS,7/20/24,2024,CM,TP,UPZ,2,3,45,41,4,0,65,NA,38,,0,41,3.5,3.8,4.5,3.8,3.8,,,,,,0,6,0,0,25,0,4,3,62,100,0,0,0,0,0,0,0,0,0,0,0,0,0,0
LU/DJC,7/24/24,CMS_2024_UPZ_2_4,CMS,7/20/24,2024,CM,FB,UPZ,2,4,6,6,0,0,9,NA,7,,4,11,4.4,2.9,3.5,1.6,2.5,,,,,,0,30,0,0,30,3,3,0,34,100,0,19,0,0,0,6,0,0,0,0,0,0,0,25
LU/DJC,7/24/24,CMS_2024_UPZ_2_5,CMS,7/20/24,2024,CM,FB,UPZ,2,5,8,7,1,0,25,NA,28,,6,13,4.2,4.4,3,3.2,3.2,,,,,,0,11,0,0,81,1,4,0,3,100,32,0,0,0,0,0,0,0,0,0,0,0,0,32
DJC,1/9/25,CMS_2024_NPZ_1_1,CMS,7/20/24,2024,CM,CD,NPZ,1,1,45,45,0,0,9,0,4,,0,45,4.7,5.5,5.1,3.8,2.7,,,,,,0,0,0,0,14,2,0,0,84,100,0,0,0,0,0,0,0,0,0,0,0,0,0,0
DJC,1/9/25,CMS_2024_NPZ_1_2,CMS,7/20/24,2024,CM,CD,NPZ,1,2,31,1,4,26,33,1,0,,1,2,3.6,2.7,2.9,2.8,2.8,,,,,,0,4,0,0,19,0,10,0,67,100,0,0,0,0,0,0,0,0,0,0,0,0,0,0
DJC,1/9/25,CMS_2024_NPZ_1_3,CMS,7/20/24,2024,CM,CB,NPZ,1,3,46,0,3,43,11,0,0,,0,0,6.3,6.3,4.6,5.4,4.7,,,,,,0,0,0,0,3,0,7,10,80,100,0,0,0,0,0,0,0,0,0,0,0,0,0,0
DJC,1/9/25,CMS_2024_NPZ_1_4,CMS,7/20/24,2024,CM,CD,NPZ,1,4,36,1,4,31,24,0,0,,1,2,4,5.4,4.2,6.6,4.4,,,,,,0,2,0,0,11,2,4,2,79,100,0,0,0,0,0,0,0,0,0,0,0,0,0,0
DJC,1/9/25,CMS_2024_NPZ_1_5,CMS,7/20/24,2024,CM,CD,NPZ,1,5,56,0,2,54,8,0,0,,0,0,4.1,2.6,3.1,4.4,3.1,,,,,,0,0,0,0,8,0,2,6,84,100,0,0,2,0,0,4,0,0,0,0,0,0,0,6
DJC,1/9/25,CMS_2024_NPZ_2_1,CMS,7/20/24,2024,CM,CC,NPZ,2,1,34,0,3,31,0,0,0,,0,0,5.7,3.4,2.7,6.3,4.3,,,,,,0,0,0,0,4,1,0,17,78,100,0,0,0,0,0,0,0,0,0,0,0,0,0,0
DJC,1/9/25,CMS_2024_NPZ_2_2,CMS,7/20/24,2024,CM,CC,NPZ,2,2,29,0,0,29,0,0,0,,0,0,4.4,5.3,4.8,6.1,4.2,,,,,,0,0,0,0,2,1,3,3,91,100,0,0,0,0,0,0,0,0,0,0,0,0,0,0
DJC,1/9/25,CMS_2024_NPZ_2_3,CMS,7/20/24,2024,CM,CD,NPZ,2,3,27,0,19,8,0,0,0,,0,0,4.9,5.3,3.9,3.3,2.9,,,,,,0,0,0,0,0.1,0,0,3,97,100,0,0,0,0,0,0,0,0,0,0,0,0,0,0
DJC,1/9/25,CMS_2024_NPZ_2_4,CMS,7/20/24,2024,CM,CD,NPZ,2,4,36,0,13,23,0,0,0,,0,0,3.2,2.7,5.9,5.4,5.6,,,,,,0,3,0,0,1,8,3,3,82,100,0,0,0,0,0,0,0,0,0,0,0,0,0,0
DJC,1/9/25,CMS_2024_NPZ_2_5,CMS,7/20/24,2024,CM,CC,NPZ,2,5,40,0,23,17,1,0,0,,0,0,3.5,4.1,6.3,4.3,4.4,,,,,,0,0,0,0,1,0.1,0,0,99,100,0,0,0,0,0,0,0,0,0,0,0,0,0,0
DEG,12/5/24,YB_2024_UPZ_1_1,YB,8/5/24,2024,CP,FB,UPZ,1,1,0,0,0,0,0,NA,NA,,0,0,NA,NA,NA,NA,NA,,,,,,0,37,0,0,1,5,19,2,36,100,0,0,0,0,0,0,0,0,0,0,0,0,0,0
DEG,12/5/24,YB_2024_UPZ_1_2,YB,8/5/24,2024,CP,VB,UPZ,1,2,1,1,0,0,0,NA,NA,,0,0,,,,,,,,,,,0.1,30,0,0,2,0.1,66,0,2,100,0,1,0,0,0,16,0,0,0,0,0,0,0,17
DEG,12/5/24,YB_2024_UPZ_1_3,YB,8/5/24,2024,CP,FB,UPZ,1,3,0,0,0,0,0,NA,NA,,0,0,NA,NA,NA,NA,NA,,,,,,1,41,0,0,3,1,53,1,1,100,0,7,0,0,0,8,0,0,0,0,0,0,0,15
DEG,12/5/24,YB_2024_UPZ_1_4,YB,8/5/24,2024,CP,FB,UPZ,1,4,0,0,0,0,0,NA,NA,,0,0,NA,NA,NA,NA,NA,,,,,,0.1,11,0,0,0,2,86,0,1,100,0,0,0,0,2,0,0,0,0,0,0,0,0,2
DEG,12/5/24,YB_2024_UPZ_1_5,YB,8/5/24,2024,CP,VB,UPZ,1,5,0,0,0,0,0,NA,NA,,0,0,NA,NA,NA,NA,NA,,,,,,0,36,0,0,4,4,10,0,46,100,0,0,0,0,0,0,0,0,0,0,0,0,0,0
DEG,12/5/24,YB_2024_UPZ_2_1,YB,8/5/24,2024,CP,VB,UPZ,2,1,11,4,6,1,0,NA,NA,,0,0,,,,,,,,,,,0,6,1,0,7,9,32,0,45,100,0,0,0,0,0,12,0,0,0,0,0,0,0,12
DEG,12/5/24,YB_2024_UPZ_2_2,YB,8/5/24,2024,CP,VB,UPZ,2,2,5,3,2,0,0,NA,NA,,0,0,,,,,,,,,,,0,10,0,0,62,2,19,0.1,7,100,0,0,0,0,0,0,0,0,0,0,0,0,0,0
DEG,12/5/24,YB_2024_UPZ_2_3,YB,8/5/24,2024,CP,VB,UPZ,2,3,1,0,1,0,0,NA,NA,,0,0,,,,,,,,,,,0,9,0,0,40,4,38,0,9,100,0,0,0,0,0,16,0,0,0,0,0,0,3,16
DEG,12/5/24,YB_2024_UPZ_2_4,YB,8/5/24,2024,CP,FB,UPZ,2,4,0,0,0,0,0,NA,NA,,0,0,NA,NA,NA,NA,NA,,,,,,0,10,0,0,7,3,19,0,61,100,0,0,0,0,0,8,0,0,0,0,0,0,0,8
DEG,12/5/24,YB_2024_UPZ_2_5,YB,8/5/24,2024,CP,FB,UPZ,2,5,0,0,0,0,0,NA,NA,,0,0,NA,NA,NA,NA,NA,,,,,,0,7,0,0,7,6,27,0.1,53,100,0,0,0,0,0,1,0,0,0,0,0,0,0,1
VMM,12/6/24,CMN_2024_NPZ_2_1,CMN,7/21/24,2024,CM,CC,NPZ,2,1,38,36,0,2,6,0,,,2,0,4.7,4.4,5.9,7.3,5.6,,,,,,0,0,0,0,9,3,3,5,80,100,0,0,0,0,0,0,0,0,0,0,0,0,0,0
VMM,12/6/24,CMN_2024_NPZ_2_2,CMN,7/21/14,2024,CM,CC,NPZ,2,2,20,12,0,8,11,0,,,1,0,5.6,4.2,3.4,5.2,4.5,,,,,,0,26,0,0,11,7,4,6,46,100,0,0,0,0,0,8,0,0,0,0,0,0,0,8
VMM,12/6/24,CMN_2024_NPZ_2_3,CMN,7/21/24,2024,CM,VD,NPZ,2,3,30,15,0,15,8,0,,,2,0,5,5.3,5.7,4.9,3.7,,,,,,0,20,0,0,6,0,1,0.1,73,100,0,0,0,0,0,0,0,0,0,0,0,0,0,0
VMM,12/6/24,CMN_2024_NPZ_2_4,CMN,7/21/14,2024,CM,CB,NPZ,2,4,22,3,0,19,0,0,,,0,0,8.1,5.8,5,5.3,5.4,,,,,,0,14,0,0,7,0,3,8,68,100,0,0,0,0,0,7,0,0,0,0,0,0,0,7
VMM,12/6/24,CMN_2024_NPZ_2_5,CMN,7/21/24,2024,CM,CB,NPZ,2,5,47,0,0,47,9,0,,,0,0,6.2,4.7,6.1,5.5,3,,,,,,0,0,0,0,1,0.1,4,32,63,100,0,0,0,0,0,0,0,0,0,0,0,0,0,0
VMM,12/6/24,CMN_2024_AZ_2_1,CMN,7/21/14,2024,CM,FB,AZ,2,1,0,0,0,0,0,0,,,1,1,NA,NA,NA,NA,NA,NA,NA,NA,NA,NA,0,85,0,0,0,0.1,2,0,13,100,0,0,26,0,0,6,0,0,0,1,0,19,0,52
VMM,12/6/24,CMN_2024_AZ_2_2,CMN,7/21/24,2024,CM,FB,AZ,2,2,0,0,0,0,0,0,,,4,4,NA,NA,NA,NA,NA,NA,NA,NA,NA,NA,0,92,0,0,0.1,0.1,0.1,0,8,100,0,0,9,0,0,15,0,0,0,2,0,2,0,28
VMM,12/6/24,CMN_2024_AZ_2_3,CMN,7/21/14,2024,CM,FB,AZ,2,3,0,0,0,0,0,0,,,5,5,NA,NA,NA,NA,NA,NA,NA,NA,NA,NA,0,88,0,0,0,1,6,0,5,100,0,0,16,0,0,6,0,0,0,23,0,0,0,45
VMM,12/6/24,CMN_2024_AZ_2_4,CMN,7/21/24,2024,CM,FB,AZ,2,4,0,0,0,0,0,0,,,1,1,NA,NA,NA,NA,NA,NA,NA,NA,NA,NA,0,76,0,0,3,2,7,8,4,100,0,0,6,0,0,64,0,0,0,4,0,5,0,79
VMM,12/6/24,CMN_2024_AZ_2_5,CMN,7/21/14,2024,CM,FB,AZ,2,5,0,0,0,0,0,0,,,0,0,NA,NA,NA,NA,NA,NA,NA,NA,NA,NA,0,84,0,0,0,0.1,11,2,3,100,0,0,4,0,0,44,0,0,0,0,0,5,0,53
VMM,12/6/24,CMN_2024_AZ_1_1,CMN,7/21/04,2024,CM,VB,AZ,1,1,0,0,0,0,0,0,,,0,0,NA,NA,NA,NA,NA,NA,NA,NA,NA,NA,0,86,0,0,6,0,0,4,4,100,0,0,0,0,0,100,0,0,0,0,0,0,0,100
VMM,12/6/24,CMN_2024_AZ_1_2,CMN,7/21/94,2024,CM,VB,AZ,1,2,0,0,0,0,0,0,,,0,0,NA,NA,NA,NA,NA,NA,NA,NA,NA,NA,0,92,0,0,5,0.1,0,0,3,100,0,0,9,0,0,94,0,0,0,0,0,0,0,103
VMM,12/6/24,CMN_2024_AZ_1_3,CMN,7/21/84,2024,CM,VB,AZ,1,3,0,0,0,0,0,0,,,0,0,NA,NA,NA,NA,NA,NA,NA,NA,NA,NA,0,92,0,0,4,0,0,4,0,100,0,0,0,0,0,98,0,0,0,0,0,0,0,98
VMM,12/6/24,CMN_2024_AZ_1_4,CMN,7/21/74,2024,CM,VB,AZ,1,4,0,0,0,0,0,0,,,0,0,NA,NA,NA,NA,NA,NA,NA,NA,NA,NA,0,83,0,0,7,5,0.1,2,3,100,0,0,0,0,0,96,0,0,0,0,0,0,0,96
VMM,12/6/24,CMN_2024_AZ_1_5,CMN,7/21/64,2024,CM,VB,AZ,1,5,0,0,0,0,0,0,,,0,0,NA,NA,NA,NA,NA,NA,NA,NA,NA,NA,0,89,0,0,6,0.1,0.1,4,1,100,0,0,0,0,0,92,0,0,0,0,0,0,0,92
VMM,12/6/24,CMN_2024_UPZ_1_1,CMN,7/21/54,2024,CM,VB,UPZ,1,1,15,15,0,0,21,21,,,7,0,2.3,3.9,3.9,4.3,1.7,,,,,,0,47,0,0,36,9,1,0.1,7,100,0,18,0,0,0,0,0,0,0,0,0,0,0,18
VMM,12/6/24,CMN_2024_UPZ_1_2,CMN,7/21/44,2024,CM,VB,UPZ,1,2,13,13,0,0,13,0,,,9,0,5,4.9,3.2,2.8,3,,,,,,0,53,0,0,35,2,2,0,8,100,0,0,0,0,0,0,0,0,0,0,0,0,0,0
VMM,12/6/24,CMN_2024_UPZ_1_3,CMN,7/21/34,2024,CM,VB,UPZ,1,3,27,27,0,0,1,0,,,9,0,4.3,4.6,4.3,3.6,5.5,,,,,,0,5,0,0,17,3,3,0.1,72,100,0,22,0,0,0,0,1,0,0,0,0,0,0,23
VMM,12/6/24,CMN_2024_UPZ_1_4,CMN,7/21/24,2024,CM,VB,UPZ,1,4,18,18,0,0,28,3,,,4,0,2.4,2.8,3,2.9,2.9,,,,,,0,11,0,0,82,0.1,2,0,5,100,0,0,0,0,0,0,0,0,0,0,0,0,0,0
VMM,12/6/24,CMN_2024_UPZ_1_5,CMN,7/21/14,2024,CM,VB,UPZ,1,5,8,7,1,0,30,30,,,4,0,3.2,2.7,2.4,3.8,2.2,,,,,,4,7,0,0,84,1,1,1,6,100,0,8,0,0,0,0,0,0,0,0,0,0,0,8
VMM,12/6/24,CMN_2024_UPZ_2_1,CMN,7/21/04,2024,CM,VB,UPZ,2,1,13,10,3,0,18,0,,,0,0,4.2,3.6,3.3,4.8,4.5,,,,,,0,0,0,0,86,0,5,0,9,100,0,0,0,0,0,0,0,0,0,0,0,0,0,0
VMM,12/6/24,CMN_2024_UPZ_2_2,CMN,7/21/14,2024,CM,VB,UPZ,2,2,31,23,0,8,7,0,,,2,0,5.8,4,5.2,4.3,4.1,,,,,,0,5,0,0,86,7,2,0,0,100,0,0,0,0,0,0,0,0,0,0,0,0,0,0
VMM,12/6/24,CMN_2024_UPZ_2_3,CMN,7/21/24,2024,CM,VB,UPZ,2,3,13,10,0,3,18,0,,,2,0,4.7,3.6,5.3,4.4,4.4,,,,,,0,11,0,0,15,3,0,0,71,100,0,0,0,0,0,2,0,0,0,0,0,0,0,2
VMM,12/6/24,CMN_2024_UPZ_2_4,CMN,7/21/14,2024,CM,VB,UPZ,2,4,31,23,0,8,42,0,,,0,0,4.3,3.6,6.9,7,5.5,,,,,,0,3,0,0,85,2,0.1,0,10,100,0,0,0,0,0,0,0,0,0,0,0,0,0,0
VMM,12/6/24,CMN_2024_UPZ_2_5,CMN,7/21/24,2024,CM,CB,UPZ,2,5,20,13,7,0,14,0,,,1,0,6.1,6.9,6.1,4.7,6.8,,,,,,0,7,0,0,15,1,3,0.1,74,100,0,0,0,0,0,0,0,0,0,0,0,0,0,0
VMM,12/6/24,CMN_2024_NPZ_1_1,CMN,7/21/14,2024,CM,,NPZ,1,1,26,0,0,26,7,0,,,0,0,5.9,4.6,6.8,6,6.3,,,,,,0,0,0,0,77,3,12,0,8,100,0,0,0,0,0,0,0,0,0,0,0,0,0,0
VMM,12/6/24,CMN_2024_NPZ_1_2,CMN,7/21/24,2024,CM,,NPZ,1,2,32,0,0,32,29,0,,,0,0,6.1,6.5,4,4.2,4.2,,,,,,0,0,0,0,90,2,1,0.1,7,100,0,0,0,0,0,0,0,0,0,0,0,0,0,0
VMM,12/6/24,CMN_2024_NPZ_1_3,CMN,7/21/14,2024,CM,,NPZ,1,3,30,29,0,1,32,0,,,2,0,4.3,4.9,4.4,4.8,5,,,,,,0,5,0,0,11,0.1,2,0,82,100,0,0,0,0,0,0,0,0,0,0,0,0,0,0
VMM,12/6/24,CMN_2024_NPZ_1_4,CMN,7/21/24,2024,CM,,NPZ,1,4,35,17,7,11,11,0,,,1,0,3.7,3.3,4.1,5.8,4,,,,,,0,24,0,0,12,0.1,3,2,59,100,0,0,3,0,0,12,0,0,0,0,0,0,0,15
VMM,12/6/24,CMN_2024_NPZ_1_5,CMN,7/21/14,2024,CM,,NPZ,1,5,20,4,14,2,18,0,,,0,0,5.2,4.3,4.1,4.7,3.6,,,,,,0,80,0.1,0,5,1,3,0.1,11,100,0,0,0,0,0,20,1,0,0,0,0,0,0,21
SG,12/10/24,FC_2024_UPZ_1_1,FC,8/2/24,2024,CF,VB,UPZ,1,1,57,57,0,0,3,3,NA,,2,60,4.6,4.8,3.4,5,3.5,,,,,,0,17,1,0,7,0,7,0,68,100,0,0,0,1,0,0,1,0,0,0,0,0,0,2
SG,12/10/24,FC_2024_UPZ_1_2,FC,8/2/24,2024,CF,FB,UPZ,1,2,10,10,0,0,0,0,NA,,3,17,5.1,3.9,3.3,2.8,,,,,,,0,61,0,0,9,5,14,0,11,100,0,0,0,0,0,0,0,0,0,0,0,0,0,0
SG,12/10/24,FC_2024_UPZ_1_3,FC,8/2/24,2024,CF,FB,UPZ,1,3,16,16,0,0,1,1,NA,,4,20,3,3.1,3.8,3.1,2.5,,,,,,0,72,0,0,6,3,14,0,5,100,0,0,0,3,0,0,0,0,0,0,0,0,0,3
SG,12/10/24,FC_2024_UPZ_1_4,FC,8/2/24,2024,CF,VB,UPZ,1,4,20,20,0,0,0,0,NA,,3,23,,,,, ,,,,,,0,73,0,0,13,0.1,14,0,0,100,0,0,0,0,0,6,0.1,0,0,0,0,0,0,6.1
SG,12/10/24,FC_2024_UPZ_1_5,FC,8/2/24,2024,CF,VB,UPZ,1,5,17,16,1,0,0,0,NA,,1,18,3.1,2.1,2.2,3.2,3.3,,,,,,3,63,0,0,5,2,22,4,4,100,0,20,0,0,0,20,0,0,0,0,0,0,0,40
SG,12/10/24,FC_2024_AZ_1_1,FC,8/18/24,2024,CF,FB,AZ,1,1,11,11,0,0,0,0,NA,,0,0,NA,NA,NA,NA,NA,NA,NA,NA,NA,NA,5,84,0,0,4,8,0,0,4,100,0,0,0,0,0,6,4,70,0,0,14,0,0,94
SG,12/10/24,FC_2024_AZ_1_2,FC,8/18/24,2024,CF,FB,AZ,1,2,8,8,0,0,0,0,NA,,0,8,NA,NA,NA,NA,NA,NA,NA,NA,NA,NA,6,92,0,0,3,3,0,0,2,100,0,5,0,0,0,0,16,72,0,0,15,0,0,108
SG,12/10/24,FC_2024_AZ_1_3,FC,8/18/24,2024,CF,FB,AZ,1,3,11,11,0,0,0,0,NA,,4,0,NA,NA,NA,NA,NA,NA,NA,NA,NA,NA,8,87,0,0,3,1,5,0,4,100,0,52,0,0,0,2,0,0,0,0,0,0,0,54
SG,12/10/24,FC_2024_AZ_1_4,FC,8/18/24,2024,CF,FB,AZ,1,4,6,6,0,0,2,2,NA,,2,0,NA,NA,NA,NA,NA,NA,NA,NA,NA,NA,12,89,0,0,7,2,0,0,2,100,0,5,0,3,0,0,0,0,0,0,75,0,0,83
SG,12/10/24,FC_2024_AZ_1_5,FC,8/18/24,2024,CF,FB,AZ,1,5,3,3,0,0,0,0,NA,,7,7,NA,NA,NA,NA,NA,NA,NA,NA,NA,NA,0,91,0,0,4,1,1,TR,3,100,0,0,0,0,0,6,0,0,0,0,40,0,0,46
SG,12/10/24,FC_2024_UPZ_2_1,FC,8/18/24,2024,CF,FB,UPZ,2,1,3,3,0,0,0,0,NA,,1,6,,,,,,,,,,,1,68,0,0,7,6,17,0,2,100,0,0,0,0,0,0,0,8,0,0,0,0,0,8
SG,12/10/24,FC_2024_UPZ_2_2,FC,8/18/24,2024,CF,FB,UPZ,2,2,9,9,0,0,0,0,NA,,5,0,2.1,3.3,,,,,,,,,9,76,0,0,3,2,15,0,4,100,0,1,0,23,0,0,2,0,0,0,0,0,0,26
SG,12/10/24,FC_2024_UPZ_2_3,FC,8/18/24,2024,CF,FB,UPZ,2,3,18,18,0,0,0,0,NA,,2,0,3.5,3.8,4.1,4.5,3.9,,,,,,1,70,0,0,3,3,18,0,6,100,0,2,0,3,0,0,2,0,0,0,0,0,1,7
SG,12/10/24,FC_2024_UPZ_2_4,FC,8/18/24,2024,CF,FB,UPZ,2,4,25,25,0,0,0,0,NA,,0,6,2.8,3.6,4.9,3.8,3.2,,,,,,7,68,0,0,3,4,16,0,9,100,0,3,0,10,0,6,4,0,0,0,0,0,0,23
SG,12/10/24,FC_2024_UPZ_2_5,FC,8/18/24,2024,CF,FB,UPZ,2,5,1,1,0,0,0,0,NA,,0,3,3.5,1.9,,,,,,,,,6,86,0,0,4,2,8,0,0,100,0,0,0,30,0,6,0,2,0,0,0,0,0,38
SG,12/10/24,FC_2024_AZ_2_1,FC,8/18/24,2024,CF,FB,AZ,2,1,1,0,0,0,1,0,NA,,1,2,NA,NA,NA,NA,NA,NA,NA,NA,NA,NA,15,91,0,0,3,2,2,0,2,100,100,90,0,0,10,10,0,0,0,0,0,0,0,110
SG,12/10/24,FC_2024_AZ_2_2,FC,8/18/24,2024,CF,FB,AZ,2,2,0,0,0,0,0,0,NA,,0,0,NA,NA,NA,NA,NA,NA,NA,NA,NA,NA,5,4,0,0,2,2,4,0,8,20,38,85,0,0,0,0,0,62,0,0,0,0,0,147
SG,12/10/24,FC_2024_AZ_2_3,FC,8/18/24,2024,CF,FB,AZ,2,3,1,0,0,0,1,1,NA,,0,0,NA,NA,NA,NA,NA,NA,NA,NA,NA,NA,0,6,0,0,2,2,10,0,1,21,15,0,0,0,12,6,0,94,0,0,0,0,7,112
SG,12/10/24,FC_2024_AZ_2_4,FC,8/18/24,2024,CF,FB,AZ,2,4,0,0,0,0,0,0,NA,,0,0,NA,NA,NA,NA,NA,NA,NA,NA,NA,NA,3,15,0,0,1,5,7,0,3,31,25,25,0,0,20,5,0,82,0,0,0,0,0,132
SG,12/10/24,FC_2024_AZ_2_5,FC,8/18/24,2024,CF,FB,AZ,2,5,0,0,0,0,0,0,NA,,2,2,NA,NA,NA,NA,NA,NA,NA,NA,NA,NA,0,12,0,0,6,8,1,8,65,100,0,0,0,0,0,10,0,52,0,0,0,0,0,62
DEG,12/5/24,WC_2024_AZ_1_1,WC,8/20/24,2024,SO,VD,AZ,1,1,3,0,3,0,1,,NA,,5,5,NA,NA,NA,NA,NA,NA,NA,NA,NA,NA,0,86,8,0,2,2,1,0,1,100,0,3,0,0,0,20,0,0,0,0,0,0,0,23
DEG,12/5/24,WC_2024_AZ_1_2,WC,8/20/24,2024,SO,VD,AZ,1,2,1,0,1,0,0,,NA,,2,2,NA,NA,NA,NA,NA,NA,NA,NA,NA,NA,1,89,8,0,0.1,1,1,0.1,1,100,7,0,10,0,0,12,0,0,0,8,0,0,0,37
DEG,12/5/24,WC_2024_AZ_1_3,WC,8/20/24,2024,SO,FD,AZ,1,3,2,0,0,2,0,,NA,,0,0,NA,NA,NA,NA,NA,NA,NA,NA,NA,NA,0,71,14,5,3,3,0,0.1,4,100,0,0,0,0,0,4,0,5,0,0,0,0,0,9
DEG,12/5/24,WC_2024_AZ_1_4,WC,8/20/24,2024,SO,VD,AZ,1,4,6,0,3,3,2,,NA,,0,8,NA,NA,NA,NA,NA,NA,NA,NA,NA,NA,0,16,5,0,7,8,10,0.1,54,100,0,0,3,0,0,8,0,0.1,0,0,0,0,0,11.1
DEG,12/5/24,WC_2024_AZ_1_5,WC,8/20/24,2024,SO,VD,AZ,1,5,0,0,0,0,0,,NA,,2,2,NA,NA,NA,NA,NA,NA,NA,NA,NA,NA,6,85,1,0,2,2,9,0.1,1,100,0,30,19,0,0,6,0,0,0,2,0,0,0,57
DJC,1/9/25,WC_2024_AZ_2_1,WC,8/20/24,2024,SO,VB,AZ,2,1,0,0,0,0,0,0,NA,,0,0,NA,NA,NA,NA,NA,NA,NA,NA,NA,NA,0,89,8,0,0,0,0,1,2,100,0,0,5,0,0,8,0,0,0,0,0,0,0,13
DJC,1/9/25,WC_2024_AZ_2_2,WC,8/20/24,2024,SO,FB,AZ,2,2,0,0,0,0,0,0,NA,,0,0,NA,NA,NA,NA,NA,NA,NA,NA,NA,NA,0,96,0,0,0,0,0,0,4,100,0,0,4,0,0,29,0,0,0,0,0,3,0,36
DJC,1/9/25,WC_2024_AZ_2_3,WC,8/20/24,2024,SO,VB,AZ,2,3,0,0,0,0,0,0,NA,,0,0,NA,NA,NA,NA,NA,NA,NA,NA,NA,NA,0,88,5,0,0,1,1,0,5,100,0,2,5,0,0,23,0,0,0,0,0,4,0,34
DJC,1/9/25,WC_2024_AZ_2_4,WC,8/20/24,2024,SO,FB,AZ,2,4,0,0,0,0,0,0,NA,,0,0,NA,NA,NA,NA,NA,NA,NA,NA,NA,NA,0,97,3,0,0,0,0,0,0,100,0,0,0,0,0,19,0,0,0,14,0,8,0,41
DJC,1/9/25,WC_2024_AZ_2_5,WC,8/20/24,2024,SO,FB,AZ,2,5,0,0,0,0,0,0,NA,,0,0,NA,NA,NA,NA,NA,NA,NA,NA,NA,NA,0,100,0,0,0,0,0,0,0,100,0,0,2,0,0,85,0,0,0,2,0,3,0,92
DJC,1/16/24,WC_2024_UPZ_1_1,WC,8/20/24,2024,SO,FB,UPZ,1,1,21,19,0,2,NA,NA,NA,,5,24,5.6,4.3,3.8,3.1,4.6,,,,,,0,11,0,0,6,4,3,0,76,100,0,0,0,0,0,0,0,0,0,0,0,0,0,0
DJC,1/16/24,WC_2024_UPZ_1_2,WC,8/20/24,2024,SO,FB,UPZ,1,2,9,5,1,3,NA,NA,NA,,NA,NA,4.7,1.7,5.7,6.2,3.3,,,,,,2,93,1,0,2,0.1,0,0,4,100,6,5,14,0,0,9,4,0,0,0,0,0,0,38
DJC,1/16/24,WC_2024_UPZ_1_3,WC,8/20/24,2024,SO,VB,UPZ,1,3,10,7,1,2,3,3,NA,,6,NA,7.9,3.6,4.2,5,3.6,,,,,,0,33,1,0,3,0,0,0,63,100,0,0,6,0,0,10,0,0,0,0,0,0,0,16
DJC,1/16/24,WC_2024_UPZ_1_4,WC,8/20/24,2024,SO,VD,UPZ,1,4,3,1,0,2,NA,NA,NA,,5,6,7.3,2.1,,,,,,,,,1,4,0,0,7,1,1,0,87,100,0,0,0,0,0,0,0,0,0,0,0,7,0,7
DJC,1/16/24,WC_2024_UPZ_1_5,WC,8/20/24,2024,SO,VD,UPZ,1,5,24,2,5,17,NA,NA,NA,,13,15,3.1,3.8,4.4,5.3,5,,,,,,0,2,0,0,13,6,0,0,79,100,0,0,0,0,0,0,0,0,0,0,0,0,0,0
DJC,1/16/24,WC_2024_UPZ_2_1,WC,8/20/24,2024,SO,VB,UPZ,2,1,9,9,0,0,NA,NA,NA,,0,9,5.8,4.2,3.9,5.1,,,,,,,1,87,0.1,0,4,0,0.1,0.1,9,100,0,5,0,0,11,10,2,0,0,0,0,0,0,28
DEG,12/5/24,WC_2024_UPZ_2_2,WC,8/20/24,2024,SO,FB,UPZ,2,2,10,8,0,2,11,11,NA,,1,NA,5.1,4.6,2.3,4.9,4.9,,,,,,2,74,1,0,6,2,3,0.1,14,100,2,4,0,0,8,5,8,0,0,0,0,0,0,27
DJC,1/9/25,WC_2024_UPZ_2_3,WC,8/20/24,2024,SO,CD,UPZ,2,3,14,0,6,8,NA,NA,NA,,0,0,5,5.3,5.9,4,4,,,,,,0,0,0,0,24,5,0,0,71,100,0,0,0,0,0,0,0,0,0,0,0,0,0,0
DEG,12/5/24,WC_2024_UPZ_2_4,WC,8/20/24,2024,SO,VD,UPZ,2,4,19,3,0,16,0,0,NA,,15,18,2.7,4.9,4.9,4.5,4.5,,,,,,0,12,0,0,9,4,1,0,74,100,0,0,0,0,0,0,0,0,0,0,0,0,0,0
DEG,12/5/24,WC_2024_UPZ_2_5,WC,8/20/24,2024,SO,VD,UPZ,2,5,8,4,0,4,0,0,NA,,4,1,6.1,5.3,3.6,,,,,,,,2,71,0,0,4,0,0,0,25,100,0,0,2,0,0,5,15,0,0,0,0,18,0,40
DJC,1/16/24,WC_2024_NPZ_1_1,WC,8/20/24,2024,SO,VD,NPZ,1,1,24,5,19,0,0,0,NA,,13,NA,5.1,5.1,4.9,4.7,4.8,,,,,,0,2,0.1,0,16,2,3,0,77,100,0,0,0,0,0,0,0,0,0,0,0,0,0,0
DJC,1/16/24,WC_2024_NPZ_1_2,WC,8/20/24,2024,SO,VD,NPZ,1,2,26,2,17,7,2,1,NA,,0,2,5.1,5.8,4.6,4.6,5.4,,,,,,0,2,0,0,29,2,0,0,67,100,0,0,0,0,0,0,0,0,0,0,0,0,0,0
DJC,1/16/24,WC_2024_NPZ_1_3,WC,8/20/24,2024,SO,VD,NPZ,1,3,52,5,0,47,6,2,NA,1,1,NA,5.5,5.4,5.1,5,4.7,,,,,,3,0.1,0,0,8,6,0,0,86,100,0,0,0,0,0,0,6,0,0,0,0,0,0,6
DJC,1/16/24,WC_2024_NPZ_1_4,WC,8/20/24,2024,SO,VD,NPZ,1,4,12,3,9,0,NA,NA,NA,,0,NA,6.1,6.6,4.9,3.4,4.1,,,,,,1,7,0,0,14,0.1,2,0,77,100,0,0,0,0,0,3,0,0,0,0,1,60,0,64
DJC,1/16/24,WC_2024_NPZ_1_5,WC,8/20/24,2024,SO,VD,NPZ,1,5,24,0,7,17,NA,NA,NA,,1,1,4,4.5,4.7,5.9,3.9,,,,,,0,2,0,0,9,9,0,0,80,100,0,0,0,0,0,0,0,0,0,0,0,0,0,0
DJC,1/16/24,WC_2024_NPZ_2_1,WC,8/20/24,2024,SO,CD,NPZ,2,1,27,0,0,27,1,NA,NA,,0,0,6.5,6.1,5.8,6.3,5.6,,,,,,0,0,0,0,2,1,0,0,97,100,0,0,0,0,0,0,0,0,0,0,0,0,0,0
DJC,1/16/24,WC_2024_NPZ_2_2,WC,8/20/24,2024,SO,VB,NPZ,2,2,7,0,0,7,NA,NA,NA,,0,0,4.1,5.7,5.4,6.1,3.8,,,,,,0,0,0,0,5,3,0,0,92,100,0,0,0,0,0,0,0,0,0,0,0,0,0,0
DJC,1/16/24,WC_2024_NPZ_2_3,WC,8/20/24,2024,SO,VB,NPZ,2,3,5,4,0,1,NA,NA,NA,,6,10,6.3,6.4,5.6,5.6,4.5,,,,,,0,0,0,18,2,1,0,2,77,100,0,0,0,0,0,0,0,5,0,0,0,0,0,5
DJC,1/16/24,WC_2024_NPZ_2_4,WC,8/20/24,2024,SO,FB,NPZ,2,4,20,4,2,14,NA,NA,NA,1,0,4,6,4.3,5.4,6.4,5.1,,,,,,0,3,0,0.1,7,4,0,0,86,100,0,0,0,0,0,0,0,0.1,0,0,0,0,0,0.1
DJC,1/16/24,WC_2024_NPZ_2_5,WC,8/20/24,2024,SO,VB,NPZ,2,5,19,2,3,14,1,NA,NA,,1,3,7.5,5.4,6.5,6.6,4.4,,,,,,0,11,0,0,4,1,0,5,79,100,0,0,0,0,0,0,0,0,0,0,0,4,0,4
DJC,1/9/25,CP_2024_AZ_1_1,CP,8/19/24,2024,SO,VB,AZ,1,1,0,0,0,0,NA,NA,NA,,0,0,NA,NA,NA,NA,NA,NA,NA,NA,NA,NA,0,100,0,0,0,0,0,0,0,100,0,7,16,0,0,15,0,0,0,3,0,0,0,41
DJC,1/9/25,CP_2024_AZ_1_2,CP,8/19/24,2024,SO,FB,AZ,1,2,0,0,0,0,NA,NA,NA,,0,0,NA,NA,NA,NA,NA,NA,NA,NA,NA,NA,2,94,0,6,0,0,0,0,0,100,0,7,0,6,12,2,0,26,0,0,0,0,0,53
DJC,1/9/25,CP_2024_AZ_1_3,CP,8/19/24,2024,SO,VB,AZ,1,3,0,0,0,0,NA,NA,NA,,0,0,NA,NA,NA,NA,NA,NA,NA,NA,NA,NA,0,98,2,0,0,0,0,0,0,100,40,0,0,0,24,20,0,0,0,0,0,0,0,84
DJC,1/9/25,CP_2024_AZ_1_4,CP,8/19/24,2024,SO,FB,AZ,1,4,0,0,0,0,NA,NA,NA,,0,0,NA,NA,NA,NA,NA,NA,NA,NA,NA,NA,0,95,2,0,0,0.1,0,0,3,100,0,0,20,0,0,37,0,0,0,0,0,0,0,57
DJC,1/9/25,CP_2024_AZ_1_5,CP,8/19/24,2024,SO,VB,AZ,1,5,0,0,0,0,NA,NA,NA,,0,0,NA,NA,NA,NA,NA,NA,NA,NA,NA,NA,0,100,0,0,0,0,0,0,0,100,47,20,0,0,0,0,0,0,0,0,0,0,0,67
DJC,1/9/25,CP_2024_AZ_2_1,CP,8/19/24,2024,SO,,AZ,2,1,0,0,0,0,NA,NA,NA,,0,0,NA,NA,NA,NA,NA,NA,NA,NA,NA,NA,0,100,0,0,0,0,0,0,0,100,0,0,7,0,0,22,0,0,0,0,0,0,0,29
DJC,1/9/25,CP_2024_AZ_2_2,CP,8/19/24,2024,SO,VB,AZ,2,2,0,0,0,0,NA,NA,NA,,0,0,NA,NA,NA,NA,NA,NA,NA,NA,NA,NA,0,96,0,0,3,0,0,0,1,100,81,11,2,0,0,10,0,0,0,0,0,0,0,104
DJC,1/9/25,CP_2024_AZ_2_3,CP,8/19/24,2024,SO,VB,AZ,2,3,0,0,0,0,NA,NA,NA,,0,0,NA,NA,NA,NA,NA,NA,NA,NA,NA,NA,0,96,0,4,0,0,0,0,0,100,28,0,0,0,0,17,0,13,4,0,0,0,0,62
DJC,1/9/25,CP_2024_AZ_2_4,CP,8/19/24,2024,SO,VB,AZ,2,4,0,0,0,0,NA,NA,NA,,0,0,NA,NA,NA,NA,NA,NA,NA,NA,NA,NA,0,98,1,0,0,0,0,0,1,100,22,0,8,0,0,10,0,0,27,0,0,0,1,67
DJC,1/9/25,CP_2024_AZ_2_5,CP,8/19/24,2024,SO,FB,AZ,2,5,0,0,0,0,NA,NA,NA,,0,0,NA,NA,NA,NA,NA,NA,NA,NA,NA,NA,0,98,2,0,0,0,0,0,0,100,18,0,0,0,0,13,0,0,0,0,0,0,0,31
DJC,1/23/25,CP_2024_UPZ_1_1,CP,8/19/24,2024,SO,VD,UPZ,1,1,17,11,4,2,NA,NA,NA,,1,NA,,,,,,,,,,,0,57,0,1,22,7,3,0,10,100,0,0,0,0,0,0,0,2,0,0,6,0,0,8
DJC,1/23/25,CP_2024_UPZ_1_2,CP,8/19/24,2024,SO,VD,UPZ,1,2,,,,,NA,NA,NA,,,,,,,,,,,,,,,,,,,,,,,0,,,,13,,,,,,,,,,13
DJC,1/23/25,CP_2024_UPZ_1_3,CP,8/19/24,2024,SO,VD,UPZ,1,3,,,,,NA,NA,NA,,,,,,,,,,,,,,,,,,,,,,,0,,,,,,,,,,,,,,0
DJC,1/23/25,CP_2024_UPZ_1_4,CP,8/19/24,2024,SO,VD,UPZ,1,4,,,,,NA,NA,NA,,,,,,,,,,,,,,,,,,,,,,,0,,,,,,,,,,,,,,0
DJC,1/23/25,CP_2024_UPZ_1_5,CP,8/19/24,2024,SO,VD,UPZ,1,5,,,,,NA,NA,NA,,,,,,,,,,,,,,,,,,,,,,,0,,,,,,,,,,,,,,0
DJC,1/23/25,CP_2024_UPZ_2_1,CP,8/19/24,2024,SO,VD,UPZ,2,1,,,,,NA,NA,NA,,,,,,,,,,,,,,,,,,,,,,,0,,,,,,,,,,,,,,0
DJC,1/23/25,CP_2024_UPZ_2_2,CP,8/19/24,2024,SO,CD,UPZ,2,2,,,,,NA,NA,NA,,,,,,,,,,,,,,,,,,,,,,,0,,,,,,,,,,,,,,0
DJC,1/23/25,CP_2024_UPZ_2_3,CP,8/19/24,2024,SO,VD,UPZ,2,3,,,,,NA,NA,NA,,,,,,,,,,,,,,,,,,,,,,,0,,,,,,,,,,,,,,0
DJC,1/23/25,CP_2024_UPZ_2_4,CP,8/19/24,2024,SO,VD,UPZ,2,4,,,,,NA,NA,NA,,,,,,,,,,,,,,,,,,,,,,,0,,,,,,,,,,,,,,0
DJC,1/23/25,CP_2024_UPZ_2_5,CP,8/19/24,2024,SO,VD,UPZ,2,5,,,,,NA,NA,NA,,,,,,,,,,,,,,,,,,,,,,,0,,,,,,,,,,,,,,0
DJC,1/23/25,CP_2024_NPZ_1_1,CP,8/19/24,2024,SO,VD,NPZ,1,1,,,,,NA,NA,NA,,,,,,,,,,,,,,,,,,,,,,,0,,,,,,,,,,,,,,0
DJC,1/23/25,CP_2024_NPZ_1_2,CP,8/19/24,2024,SO,VD,NPZ,1,2,,,,,NA,NA,NA,,,,,,,,,,,,,,,,,,,,,,,0,,,,,,,,,,,,,,0
DJC,1/23/25,CP_2024_NPZ_1_3,CP,8/19/24,2024,SO,VD,NPZ,1,3,,,,,NA,NA,NA,,,,,,,,,,,,,,,,,,,,,,,0,,,,,,,,,,,,,,0
DJC,1/23/25,CP_2024_NPZ_1_4,CP,8/19/24,2024,SO,VD,NPZ,1,4,,,,,NA,NA,NA,,,,,,,,,,,,,,,,,,,,,,,0,,,,,,,,,,,,,,0
DJC,1/23/25,CP_2024_NPZ_1_5,CP,8/19/24,2024,SO,VD,NPZ,1,5,,,,,NA,NA,NA,,,,,,,,,,,,,,,,,,,,,,,0,,,,,,,,,,,,,,0
DJC,1/23/25,CP_2024_NPZ_2_1,CP,8/19/24,2024,SO,VD,NPZ,2,1,,,,,NA,NA,NA,,,,,,,,,,,,,,,,,,,,,,,0,,,,,,,,,,,,,,0
DJC,1/23/25,CP_2024_NPZ_2_2,CP,8/19/24,2024,SO,VD,NPZ,2,2,,,,,NA,NA,NA,,,,4.1,4.2,5,6.3,5.8,,,,,,,,,,,,,,,0,,,,,,,,,,,,,,0
DJC,1/23/25,CP_2024_NPZ_2_3,CP,8/19/24,2024,SO,VD,NPZ,2,3,,,,,NA,NA,NA,,,,,,,,,,,,,,,,,,,,,,,0,,,,,,,,,,,,,,0
DJC,1/23/25,CP_2024_NPZ_2_4,CP,8/19/24,2024,SO,VD,NPZ,2,4,,,,,NA,NA,NA,,,,,,,,,,,,,,,,,,,,,,,0,,,,,,,,,,,,,,0
DJC,1/23/25,CP_2024_NPZ_2_5,CP,8/19/24,2024,SO,VD,NPZ,2,5,,,,,NA,NA,NA,,,,,,,,,,,,,,,,,,,,,,,0,,,,,,,,,,,,,,0
DJC,1/9/25,BB_2024_AZ_1_1,BB,7/8/24,2024,CF,FB,AZ,1,1,0,0,0,0,1,NA,NA,,0,0,NA,NA,NA,NA,NA,NA,NA,NA,NA,NA,15,20,0,1,75,2,1,0,1,100,0,0,0,0,0,0,0,26,0,0,78,0,0,104
DJC,1/9/25,BB_2024_AZ_1_2,BB,7/8/24,2024,CF,FB,AZ,1,2,0,0,0,0,0,0,NA,,0,0,NA,NA,NA,NA,NA,NA,NA,NA,NA,NA,19,29,0,8,3,2,1,0,57,100,0,0,0,0,0,0,0,16,0,0,37,0,0,53
DJC,1/9/25,BB_2024_AZ_1_3,BB,7/8/24,2024,CF,FB,AZ,1,3,0,0,0,0,0,0,NA,,0,0,NA,NA,NA,NA,NA,NA,NA,NA,NA,NA,5,83,0,7,4,3,0.1,0,3,100,0,0,0,0,0,0,0,68,0,0,36,0,0,104
DJC,1/9/25,BB_2024_AZ_1_4,BB,7/8/24,2024,CF,VB,AZ,1,4,15,2,12,1,2,1,NA,,1,2,NA,NA,NA,NA,NA,NA,NA,NA,NA,NA,6,26,0,9,59,2,4,0,0,100,0,0,0,0,0,0,0,20,0,0,28,0,0,48
DJC,1/9/25,BB_2024_AZ_1_5,BB,7/8/24,2024,CF,FB,AZ,1,5,2,1,1,0,1,1,NA,,0,1,NA,NA,NA,NA,NA,NA,NA,NA,NA,NA,0,64,0,17,9,2,4,0,4,100,0,0,0,0,0,0,0,42,0,0,90,0,0,132
DJC,1/9/25,BB_2024_AZ_2_1,BB,7/8/24,2024,CF,FB,AZ,2,1,5,5,0,0,0,NA,NA,,6,11,NA,NA,NA,NA,NA,NA,NA,NA,NA,NA,0.1,78,17,0,0,0,0,0,5,100,14,3,0,0,3,36,0,0,0,0,0,0,0,56
DJC,1/9/25,BB_2024_AZ_2_2,BB,7/8/24,2024,CF,FB,AZ,2,2,0,0,0,0,0,NA,NA,,1,1,NA,NA,NA,NA,NA,NA,NA,NA,NA,NA,2,19,73,0,0.1,0,0,0,8,100,0,7,0,0,0,0,0,0,0,0,0,0,0,7
DJC,1/9/25,BB_2024_AZ_2_3,BB,7/8/24,2024,CF,VB,AZ,2,3,1,1,0,0,0,NA,NA,,3,4,NA,NA,NA,NA,NA,NA,NA,NA,NA,NA,2,5,62,0,3,0,0,0,30,100,0,6,0,0,0,2,0,0,0,0,0,0,0,8
DJC,1/9/25,BB_2024_AZ_2_4,BB,7/8/24,2024,CF,VB,AZ,2,4,6,6,0,0,0,NA,NA,,7,13,NA,NA,NA,NA,NA,NA,NA,NA,NA,NA,0,17,26,0,5,0,0,4,48,100,0,5,0,0,0,0,0,0,0,0,0,0,0,5
DJC,1/9/25,BB_2024_AZ_2_5,BB,7/8/24,2024,CF,VB,AZ,2,5,0,0,0,0,0,NA,NA,,0,0,NA,NA,NA,NA,NA,NA,NA,NA,NA,NA,1,82,6,0,6,0.1,0,0,6,100,0,22,0,0,7,30,0,0,0,0,0,0,0,59
DJC,1/9/25,BB_2024_UPZ_1_1,BB,5/8/24,2024,CF,,UPZ,1,1,47,44,0,3,NA,NA,NA,,1,45,NA,NA,NA,NA,NA,,,,,,0,16,0,0,25,1,0,0,58,100,0,0,0,0,0,0,0,0,0,0,0,0,0,0
DJC,1/9/25,BB_2024_UPZ_1_2,BB,5/8/24,2024,CF,,UPZ,1,2,26,26,0,0,NA,NA,NA,,0,26,NA,NA,NA,NA,NA,,,,,,0,72,0,0,9,1,0,0,18,100,0,0,0,0,0,0,0,0,0,0,0,0,0,0
DJC,1/9/25,BB_2024_UPZ_1_3,BB,5/8/24,2024,CF,,UPZ,1,3,46,46,0,0,NA,NA,NA,,2,47,NA,NA,NA,NA,NA,,,,,,0,36,0,0,8,2,0,0,54,100,0,0,0,0,0,0,0,0,0,0,0,0,0,0
DJC,1/9/25,BB_2024_UPZ_1_4,BB,5/8/24,2024,CF,,UPZ,1,4,27,27,0,0,NA,NA,NA,,1,28,NA,NA,NA,NA,NA,,,,,,1,52,0,0,3,1,0,0,44,100,0,1,0,0,0,1,0,0,0,0,0,0,0,2
DJC,1/9/25,BB_2024_UPZ_1_5,BB,5/8/24,2024,CF,,UPZ,1,5,50,49,0,1,NA,NA,NA,,0,49,NA,NA,NA,NA,NA,,,,,,0,52,0,0,6,0.1,0,0,42,100,0,4,1,0,1,0,1,0,0,0,0,0,0,7
DJC,1/9/25,BB_2024_UPZ_2_1,BB,7/8/24,2024,CF,,UPZ,2,1,41,32,0,9,1,1,NA,,3,35,5.1,5.8,4.3,5.7,6.4,,,,,,0,4,1,0,6,0,3,5,81,100,0,0,0,0,1,0,0,0,0,0,0,0,0,1
DJC,1/9/25,BB_2024_UPZ_2_2,BB,7/8/24,2024,CF,,UPZ,2,2,29,29,0,0,0,0,NA,,5,34,4.4,5.9,5.5,2.2,5.4,,,,,,0,24,0,0,8,3,0,0,65,100,0,0,0,0,0,0,0,0,0,0,0,0,0,0
DJC,1/9/25,BB_2024_UPZ_2_3,BB,7/8/24,2024,CF,,UPZ,2,3,29,29,0,0,0,0,NA,,2,31,4.6,5,4.7,4.6,5.2,,,,,,0,26,7,0,3,0,6,4,54,100,0,0,0,0,2,2,5,0,0,0,0,0,0,9
DJC,1/9/25,BB_2024_UPZ_2_4,BB,7/8/24,2024,CF,,UPZ,2,4,30,28,0,2,0,0,NA,,3,34,,,,,,,,,,,0,17,0,0,6,0,1,6,70,100,0,0,0,0,9,16,2,0,0,0,0,0,0,27
DJC,1/9/25,BB_2024_UPZ_2_5,BB,7/8/24,2024,CF,,UPZ,2,5,8,7,1,0,0,0,NA,,5,12,6,6.2,5.5,4.8,4.5,,,,,,1,70,4,0,10,0,0,0,16,100,0,0,0,0,0,0,0,0,0,0,0,0,0,0
DJC,1/9/25,BB_2024_NPZ_1_1,BB,7/8/24,2024,CF,,NPZ,1,1,24,0,4,20,6,0,NA,,0,0,3.1,2.6,,,,,,,,,0,6,0,0,17,2,1,0,74,100,0,8,0,0,10,0,0,17,0,0,0,0,0,35
DJC,1/9/25,BB_2024_NPZ_1_2,BB,5/8/24,2024,CF,,NPZ,1,2,14,0,0,14,0,0,NA,,0,0,4.7,5.1,5.8,5.8,4.6,,,,,,0,0,0,7,28,0,2,0,63,100,0,0,0,0,0,0,0,35,0,0,0,0,0,35
DJC,1/9/25,BB_2024_NPZ_1_3,BB,5/8/24,2024,CF,,NPZ,1,3,3,0,0,3,0,0,NA,,0,0,5.9,6.4,,,,,,,,,0,6,0,4,7,0,1,0,82,100,0,0,0,0,0,0,0,5,0,0,0,0,0,5
DJC,1/9/25,BB_2024_NPZ_1_4,BB,5/8/24,2024,CF,,NPZ,1,4,20,6,2,12,1,0,NA,,1,21,3.8,3.5,3.4,4.7,3.1,,,,,,0,12,0,4,4,2,0,0,78,100,0,0,0,0,0,0,0,7,0,0,0,0,0,7
DJC,1/9/25,BB_2024_NPZ_1_5,BB,5/8/24,2024,CF,,NPZ,1,5,11,3,1,7,0,0,NA,,2,5,2.1,,,,,,,,,,6,90,0,0,2,1,3,0,4,100,2,5,0,0,1,13,0,0,0,0,0,0,0,21
DJC,1/9/25,BB_2024_NPZ_2_1,BB,5/8/24,2024,CF,,NPZ,2,1,18,0,18,0,0,0,NA,,0,0,2.8,3.8,2.6,3.1,2.1,,,,,,0,60,16,0,9,2,6,0,7,100,0,0,0,0,0,2,0,0,0,0,0,0,0,2
DJC,1/9/25,BB_2024_NPZ_2_2,BB,7/8/24,2024,CF,,NPZ,2,2,12,2,7,3,0,0,NA,,0,2,4.1,2.6,3.2,3.5,2.8,,,,,,0,76,9,0,7,2,0,0,6,100,0,0,0,0,3,9,0,0,0,0,0,0,0,12
DJC,1/9/25,BB_2024_NPZ_2_3,BB,7/8/24,2024,CF,,NPZ,2,3,8,1,7,0,0,0,NA,,1,2,3.6,,,,,,,,,,1,8,0.1,0,12,6,0,0,74,100,3,0,0,0,8,0,0,0,0,0,0,0,0,11
DJC,1/9/25,BB_2024_NPZ_2_4,BB,7/8/24,2024,CF,,NPZ,2,4,7,0,7,0,0,0,NA,,0,0,5.1,3.6,5.1,,,,,,,,1,4,5,0,5,2,3,5,76,100,0,0,0,0,24,0,2,0,12,0,0,0,0,38
DJC,1/9/25,BB_2024_NPZ_2_5,BB,7/8/24,2024,CF,,NPZ,2,5,48,0,48,0,0,0,NA,,0,0,5,3.2,3.5,4,5.1,,,,,,0,0,0.1,0,15,12,6,0,67,100,0,0,0,0,0,0,0,0,0,0,0,0,0,0